FILENAME,LIBRARY NAME,SUPPLIER,URL,on_disk
Bluezone_BC0300_alien_interface_sci_fi_texture_003.wav,Alien Interface,BluezoneCorp,https://sonniss.com/product/alien-interface,True
Bluezone_BC0300_alien_interface_sci_fi_texture_046.wav,Alien Interface,BluezoneCorp,https://sonniss.com/product/alien-interface,True
Bluezone_BC0300_alien_interface_sci_fi_transition_004.wav,Alien Interface,BluezoneCorp,https://sonniss.com/product/alien-interface,True
Bluezone_BC0300_alien_interface_sci_fi_transition_008.wav,Alien Interface,BluezoneCorp,https://sonniss.com/product/alien-interface,True
Bluezone_BC0292_alien_tripod_debris_glass_falling_003.wav,Alien Tripod,BluezoneCorp,https://sonniss.com/product/alien-tripod,True
Bluezone_BC0292_alien_tripod_debris_rock_collapse_earthquake_rumble_large_005.wav,Alien Tripod,BluezoneCorp,https://sonniss.com/product/alien-tripod,True
Bluezone_BC0292_alien_tripod_pneumatic_chemical_weapon_black_smoke_001.wav,Alien Tripod,BluezoneCorp,https://sonniss.com/product/alien-tripod,True
Bluezone_BC0292_alien_tripod_texture_organic_liquid_005.wav,Alien Tripod,BluezoneCorp,https://sonniss.com/product/alien-tripod,True
Bluezone_BC0298_designed_water_impact_006.wav,Designed Water,BluezoneCorp,https://sonniss.com/product/designed-water,True
Bluezone_BC0298_designed_water_texture_014.wav,Designed Water,BluezoneCorp,https://sonniss.com/product/designed-water,True
Bluezone_BC0298_designed_water_transition_impact_017.wav,Designed Water,BluezoneCorp,https://sonniss.com/product/designed-water,True
Bluezone_BC0298_designed_water_underwater_005.wav,Designed Water,BluezoneCorp,https://sonniss.com/product/designed-water,True
Bluezone_BC0303_futuristic_user_interface_alert_003.wav,Futuristic User Interface,BluezoneCorp,https://sonniss.com/product/futuristic-user-interface,True
Bluezone_BC0303_futuristic_user_interface_data_glitch_003.wav,Futuristic User Interface,BluezoneCorp,https://sonniss.com/product/futuristic-user-interface,True
Bluezone_BC0303_futuristic_user_interface_high_tech_beep_038.wav,Futuristic User Interface,BluezoneCorp,https://sonniss.com/product/futuristic-user-interface,True
Bluezone_BC0303_futuristic_user_interface_transition_006.wav,Futuristic User Interface,BluezoneCorp,https://sonniss.com/product/futuristic-user-interface,True
Bluezone_BC0299_electricity_electronic_lighter_button_click_on_off_002_02.wav,High Voltage,BluezoneCorp,https://sonniss.com/product/high-voltage,True
Bluezone_BC0299_electricity_surge_discharge_electrical_arc_crackling_002_01.wav,High Voltage,BluezoneCorp,https://sonniss.com/product/high-voltage,True
Bluezone_BC0299_electricity_texture_sizzling_crackling_006.wav,High Voltage,BluezoneCorp,https://sonniss.com/product/high-voltage,True
Bluezone_BC0299_electricity_transformer_hum_low_003.wav,High Voltage,BluezoneCorp,https://sonniss.com/product/high-voltage,True
Bluezone_BC0302_industrial_lever_switch_014.wav,Industrial Lever Switch,BluezoneCorp,https://sonniss.com/product/industrial-lever-switch,True
Bluezone_BC0302_industrial_lever_switch_039.wav,Industrial Lever Switch,BluezoneCorp,https://sonniss.com/product/industrial-lever-switch,True
Bluezone_BC0302_industrial_lever_switch_small_003.wav,Industrial Lever Switch,BluezoneCorp,https://sonniss.com/product/industrial-lever-switch,True
Bluezone_BC0294_modern_cinematic_impact_022.wav,Modern Cinematic Impact,BluezoneCorp,https://sonniss.com/product/modern-cinematic-impact,True
Bluezone_BC0294_modern_cinematic_impact_boom_003.wav,Modern Cinematic Impact,BluezoneCorp,https://sonniss.com/product/modern-cinematic-impact,True
Bluezone_BC0294_modern_cinematic_impact_percussion_009.wav,Modern Cinematic Impact,BluezoneCorp,https://sonniss.com/product/modern-cinematic-impact,True
Bluezone_BC0304_retrofuturistic_computer_alarm_005.wav,Retrofuturistic Computer,BluezoneCorp,https://sonniss.com/product/retrofuturistic-computer,True
Bluezone_BC0304_retrofuturistic_computer_button_013.wav,Retrofuturistic Computer,BluezoneCorp,https://sonniss.com/product/retrofuturistic-computer,True
Bluezone_BC0304_retrofuturistic_computer_data_processing_006.wav,Retrofuturistic Computer,BluezoneCorp,https://sonniss.com/product/retrofuturistic-computer,True
Bluezone_BC0304_retrofuturistic_computer_glitch_malfunction_004.wav,Retrofuturistic Computer,BluezoneCorp,https://sonniss.com/product/retrofuturistic-computer,True
Bluezone_BC0295_sci_fi_weapon_cannon_shot_002.wav,Sci Fi Weapon,BluezoneCorp,https://sonniss.com/product/sci-fi-weapon,True
Bluezone_BC0295_sci_fi_weapon_gun_shot_008.wav,Sci Fi Weapon,BluezoneCorp,https://sonniss.com/product/sci-fi-weapon,True
Bluezone_BC0295_sci_fi_weapon_texture_007.wav,Sci Fi Weapon,BluezoneCorp,https://sonniss.com/product/sci-fi-weapon,True
Bluezone_BC0305_steampunk_machine_mechanical_sequence_start_stop_025.wav,Steampunk Machines,BluezoneCorp,https://sonniss.com/product/steampunk-machines,True
Bluezone_BC0305_steampunk_machine_mechanical_texture_038.wav,Steampunk Machines,BluezoneCorp,https://sonniss.com/product/steampunk-machines,True
Bluezone_BC0305_steampunk_machine_mechanical_texture_053.wav,Steampunk Machines,BluezoneCorp,https://sonniss.com/product/steampunk-machines,True
Bluezone_BC0305_steampunk_machine_mechanical_texture_heavy_impact_011.wav,Steampunk Machines,BluezoneCorp,https://sonniss.com/product/steampunk-machines,True
Bluezone_BC0296_steampunk_weapon_cannon_shot_013_02.wav,Steampunk Weapon And Textures,BluezoneCorp,https://sonniss.com/product/steampunk-weapon-and-textures,True
Bluezone_BC0296_steampunk_weapon_flare_shot_explosion_003.wav,Steampunk Weapon And Textures,BluezoneCorp,https://sonniss.com/product/steampunk-weapon-and-textures,True
Bluezone_BC0296_steampunk_weapon_gun_shot_026_02.wav,Steampunk Weapon And Textures,BluezoneCorp,https://sonniss.com/product/steampunk-weapon-and-textures,True
Bluezone_BC0296_steampunk_weapon_mechanism_texture_007.wav,Steampunk Weapon And Textures,BluezoneCorp,https://sonniss.com/product/steampunk-weapon-and-textures,True
Bluezone_BC0297_stone_impact_015.wav,Stone Impact,BluezoneCorp,https://sonniss.com/product/stone-impact,True
Bluezone_BC0297_stone_impact_041.wav,Stone Impact,BluezoneCorp,https://sonniss.com/product/stone-impact,True
Bluezone_BC0297_stone_impact_hammer_015.wav,Stone Impact,BluezoneCorp,https://sonniss.com/product/stone-impact,True
Bluezone_BC0297_stone_impact_steel_bar_01_010.wav,Stone Impact,BluezoneCorp,https://sonniss.com/product/stone-impact,True
Bluezone_BC0301_tiny_gears_small_mechanism_click_003.wav,Tiny Gears - Small Mechanism,BluezoneCorp,https://sonniss.com/product/tiny-gears-small-mechanism,True
Bluezone_BC0301_tiny_gears_small_mechanism_click_complex_011.wav,Tiny Gears - Small Mechanism,BluezoneCorp,https://sonniss.com/product/tiny-gears-small-mechanism,True
Bluezone_BC0301_tiny_gears_small_mechanism_sequence_045.wav,Tiny Gears - Small Mechanism,BluezoneCorp,https://sonniss.com/product/tiny-gears-small-mechanism,True
Bluezone_BC0301_tiny_gears_small_mechanism_sequence_spinning_008.wav,Tiny Gears - Small Mechanism,BluezoneCorp,https://sonniss.com/product/tiny-gears-small-mechanism,True
DSGNBass_Crunchy Bass Dive Dissonant_BOLT_ARP2600.wav,"ARP 2600- Droids, Blips, Drones & more",Bolt,https://sonniss.com/product/arp-2600-droids-blips-drones-more,True
MECHMisc_TRS Cable Plug In Solid Metal Thump_BOLT_ARP2600.wav,"ARP 2600- Droids, Blips, Drones & more",Bolt,https://sonniss.com/product/arp-2600-droids-blips-drones-more,True
ROBTVox_Android Talking Wah Goofy 01_BOLT_ARP2600.wav,"ARP 2600- Droids, Blips, Drones & more",Bolt,https://sonniss.com/product/arp-2600-droids-blips-drones-more,True
SCICmpt_Retro Computer Glitches Sawtooth Chaotic_BOLT_ARP2600.wav,"ARP 2600- Droids, Blips, Drones & more",Bolt,https://sonniss.com/product/arp-2600-droids-blips-drones-more,True
RAIN_Distant Thunder and Rain Long Thunderstorm C_BOLT_BackyardRain_UsiPro.wav,Backyard Rain & Thunder - Suburban Rain Recordings,Bolt,https://sonniss.com/product/backyard-rain-thunder-suburban-rain-sound-library,True
RAIN_Rain at Night Slow Crescendo Calm Suburban_BOLT_BackyardRain_UsiPro.wav,Backyard Rain & Thunder - Suburban Rain Recordings,Bolt,https://sonniss.com/product/backyard-rain-thunder-suburban-rain-sound-library,True
AMBPark_Berlin Zoo Kids Talking Walla Birdsong_BOLT_H1 9624.wav,Berlin Vignettes - Ambiences and Sonic Curiosities,Bolt,https://sonniss.com/product/berlin-vignettes-ambiences-and-sonic-curiosities,True
AMBTran_Hannover Train Station Electric Locomotive Idling Distant Voices_BOLT_H1 9624.wav,Berlin Vignettes - Ambiences and Sonic Curiosities,Bolt,https://sonniss.com/product/berlin-vignettes-ambiences-and-sonic-curiosities,True
AMBUrbn_Berlin Balcony Late Afternoon Walla Ambulance Public Transport Church Bells_BOLT_Berlin Vignettes_H1 9624.wav,Berlin Vignettes - Ambiences and Sonic Curiosities,Bolt,https://sonniss.com/product/berlin-vignettes-ambiences-and-sonic-curiosities,True
"WATRFlow_Babbling Brook, Snow Melt, Calm, Constant, Bubbling_BOLT_Immersive Creek_RODE NTSF1 XY.wav",Immersive Creek -  Ambisonic Recordings of Undisturbed Creeks in Vermont,Bolt,https://sonniss.com/product/immersive-creek-ambisonic-recordings-of-undisturbed-creeks-in-vermont,True
"WATRFlow_Rapid Water Movement Next to Waterfall, Vibrations, Drone, Rumble_BOLT_Immersive Creek_Geofon.wav",Immersive Creek -  Ambisonic Recordings of Undisturbed Creeks in Vermont,Bolt,https://sonniss.com/product/immersive-creek-ambisonic-recordings-of-undisturbed-creeks-in-vermont,True
"WATRFlow_Small Waterfall, Close, Constant, White Noise, Bubbling_Immersive Creek_RODE NTSF1 AmbiX.wav",Immersive Creek -  Ambisonic Recordings of Undisturbed Creeks in Vermont,Bolt,https://sonniss.com/product/immersive-creek-ambisonic-recordings-of-undisturbed-creeks-in-vermont,True
VEHCar_1967 Corvette EXT-Group A  Approach In Accelerate MEDIUM Lead car then Vette Left to Right 02 M1_GoldSND_M1C 101419_aaOVPpPmTQSk.wav,1967 Corvette Convertible Work-Up,Bryan Gold,https://sonniss.com/product/1967-corvette-convertible-work-up,True
"VEHCar_1967 Corvette OnBoard-Group B  ENGINE MIC, False Start_GoldSND_M1C 101419_aaOVPB0iRHSk.wav",1968 Corvette Convertible Work-Up,Bryan Gold,https://sonniss.com/product/1967-corvette-convertible-work-up,True
"VEHCar_1967 Corvette OnBoard-Group F  Intake MIC, Start Hot Lap 03_GoldSND_M1C 101419_aaOVP3tvPKSk.wav",1969 Corvette Convertible Work-Up,Bryan Gold,https://sonniss.com/product/1967-corvette-convertible-work-up,True
VEHDoor_1967 Corvette EXT-Drivers Door Open & Close 03_GoldSND_M1C 101419_aayuRl#mUfTk.wav,1970 Corvette Convertible Work-Up,Bryan Gold,https://sonniss.com/product/1967-corvette-convertible-work-up,True
"1993 Suzuki VS 800 GL Intruder, Foley, Saddlebags open, close, handling, Shotgun mic_2.wav",1993 Suzuki VS 800 GL Intruder,Cactuzz Sound,https://sonniss.com/product/1993-suzuki-vs-800-gl-intruder,True
"1993 Suzuki VS 800 GL Intruder, Onboard, Cruising, City, long engine start, slow cruise, Mix.wav",1994 Suzuki VS 800 GL Intruder,Cactuzz Sound,https://sonniss.com/product/1993-suzuki-vs-800-gl-intruder,True
"1993 Suzuki VS 800 GL Intruder, Onboard, idle, Mix, Loop, Short.wav",1995 Suzuki VS 800 GL Intruder,Cactuzz Sound,https://sonniss.com/product/1993-suzuki-vs-800-gl-intruder,True
"1993 Suzuki VS 800 GL Intruder, pass-by back to front, asphalt, M-S.wav",1996 Suzuki VS 800 GL Intruder,Cactuzz Sound,https://sonniss.com/product/1993-suzuki-vs-800-gl-intruder,True
UIClick_UI Click 33_CB Sounddesign_ACTIVATION2.wav,Activation 2,CB_Sounddesign,https://sonniss.com/product/activation-2,True
UIData_Counter mid 54_CB Sounddesign_ACTIVATION2.wav,Activation 3,CB_Sounddesign,https://sonniss.com/product/activation-3,True
UIMisc_Feedback 36 up_CB Sounddesign_ACTIVATION2.wav,Activation 4,CB_Sounddesign,https://sonniss.com/product/activation-4,True
UIMvmt_UI Zooms 103_CB Soudndesign_ACTIVATION2.wav,Activation 5,CB_Sounddesign,https://sonniss.com/product/activation-5,True
Mothership_Access_denied.wav,Sci-Fi Voices Volume 01 Mothership,CB_Sounddesign,https://sonniss.com/product/sci-fi-voices-volume-01-mothership,True
Mothership_Awaiting_response.wav,Sci-Fi Voices Volume 01 Mothership,CB_Sounddesign,https://sonniss.com/product/sci-fi-voices-volume-01-mothership,True
Mothership_Entering_hostile_territory_All_crew_members_be_on_high_alert.wav,Sci-Fi Voices Volume 01 Mothership,CB_Sounddesign,https://sonniss.com/product/sci-fi-voices-volume-01-mothership,True
Mothership_Initiating_strike_teams_infiltrating_enemy_ships.wav,Sci-Fi Voices Volume 01 Mothership,CB_Sounddesign,https://sonniss.com/product/sci-fi-voices-volume-01-mothership,True
Androids detected.wav,Sci-Fi Voices Volume 02 Big Battle Robot,CB_Sounddesign,https://sonniss.com/product/sci-fi-voices-volume-02-big-battle-robot,True
HQ rubble cleared Preparing for new construction.wav,Sci-Fi Voices Volume 02 Big Battle Robot,CB_Sounddesign,https://sonniss.com/product/sci-fi-voices-volume-02-big-battle-robot,True
Progress insufficient.wav,Sci-Fi Voices Volume 02 Big Battle Robot,CB_Sounddesign,https://sonniss.com/product/sci-fi-voices-volume-02-big-battle-robot,True
Target acquired Engaging stealth mode.wav,Sci-Fi Voices Volume 02 Big Battle Robot,CB_Sounddesign,https://sonniss.com/product/sci-fi-voices-volume-02-big-battle-robot,True
Carrying out orders.wav,Sci-Fi Voices Volume 03 Advanced Android,CB_Sounddesign,https://sonniss.com/product/sci-fi-voices-volume-03-advanced-android,True
Hostile presence detected.wav,Sci-Fi Voices Volume 03 Advanced Android,CB_Sounddesign,https://sonniss.com/product/sci-fi-voices-volume-03-advanced-android,True
Maintenance complete.wav,Sci-Fi Voices Volume 03 Advanced Android,CB_Sounddesign,https://sonniss.com/product/sci-fi-voices-volume-03-advanced-android,True
Uploading information.wav,Sci-Fi Voices Volume 03 Advanced Android,CB_Sounddesign,https://sonniss.com/product/sci-fi-voices-volume-03-advanced-android,True
DSGN VORTEX IN.wav,Essential Scifi,Chupapsound,https://sonniss.com/product/essential-scifi,True
GRWL ROAR ANGRY.wav,Essential Scifi,Chupapsound,https://sonniss.com/product/essential-scifi,True
SPACESHIP PASS BY 9.wav,Essential Scifi,Chupapsound,https://sonniss.com/product/essential-scifi,True
WHOOSH PASS SF LOW.wav,Essential Scifi,Chupapsound,https://sonniss.com/product/essential-scifi,True
HAUTEUR VILLE DOWNMIX.wav,Traffic Car In Paris,Chupapsound,https://sonniss.com/product/traffic-car-in-paris,True
PORTE ORLEANS PERIPH SURROUND.wav,Traffic Car In Paris,Chupapsound,https://sonniss.com/product/traffic-car-in-paris,True
VEHAtv-Mono_Driveby 03_DDUMAIS_ATV ARCTIC CAT 650 H1.wav,ATV Arctic Cat 650 H1,DavidDumais,https://sonniss.com/product/atv-arctic-cat-650-h1,True
VEHAtv-Mono_Medium Steady Rpm Loop 01_DDUMAIS_ATV ARCTIC CAT 650 H1.wav,ATV Arctic Cat 650 H2,DavidDumais,https://sonniss.com/product/atv-arctic-cat-650-h2,True
VEHAtv-Stereo01_Various Driving With Engine Start And Engine Shutoff 01_DDUMAIS_ATV ARCTIC CAT 650 H1.wav,ATV Arctic Cat 650 H3,DavidDumais,https://sonniss.com/product/atv-arctic-cat-650-h3,True
VEHAtv-Stereo02_Accessories Compartment Foley Various 07_DDUMAIS_ATV ARCTIC CAT 650 H1.wav,ATV Arctic Cat 650 H4,DavidDumais,https://sonniss.com/product/atv-arctic-cat-650-h4,True
DESTRCrsh_Designed Car Explosion With Metal Breaking And Glass Shattering  06_DDUMAIS_NONE.wav,Explosion SFX Pack,DavidDumais,https://sonniss.com/product/explosion-sfx-pack,True
EXPLDsgn_Nuclear Explosion 07_DDUMAIS_NONE.wav,Explosion SFX Pack,DavidDumais,https://sonniss.com/product/explosion-sfx-pack,True
EXPLReal_Medium Realistic Explosion 15_DDUMAIS_NONE.wav,Explosion SFX Pack,DavidDumais,https://sonniss.com/product/explosion-sfx-pack,True
WOODCrsh_Designed Wood Crash And Debris 13_DDUMAIS_NONE.wav,Explosion SFX Pack,DavidDumais,https://sonniss.com/product/explosion-sfx-pack,True
CREAMisc_Creature 05 Long Growl 31_DDUMAIS_MCSFX.wav,Robotic Creatures Sound FX,DavidDumais,https://sonniss.com/product/robotic-creatures-sound-fx,True
CREAMisc_Creature Power On 14_DDUMAIS_MCSFX.wav,Robotic Creatures Sound FX,DavidDumais,https://sonniss.com/product/robotic-creatures-sound-fx,True
CREAMisc_Heavy Mechanical Footsteps 03_DDUMAIS_MCSFX.wav,Robotic Creatures Sound FX,DavidDumais,https://sonniss.com/product/robotic-creatures-sound-fx,True
UIData_Technology Scanner 05_DDUMAIS_MCSFX.wav,Robotic Creatures Sound FX,DavidDumais,https://sonniss.com/product/robotic-creatures-sound-fx,True
Comedic_006.wav,90's Anime SFX Pack,Doex,https://sonniss.com/product/90s-anime-sfx-pack,True
Laser_Beam_004.wav,90's Anime SFX Pack,Doex,https://sonniss.com/product/90s-anime-sfx-pack,True
Noise_Punch_006.wav,90's Anime SFX Pack,Doex,https://sonniss.com/product/90s-anime-sfx-pack,True
Short_PowerUp_005.wav,90's Anime SFX Pack,Doex,https://sonniss.com/product/90s-anime-sfx-pack,True
UI_BACKGROUND_LOW_DarkDrone_01.wav,Qantum UI,Doex,https://sonniss.com/product/qantum-ui,True
UI_Noisy_Impact_09.wav,Qantum UI,Doex,https://sonniss.com/product/qantum-ui,True
UI_Select_Plastic_05.wav,Qantum UI,Doex,https://sonniss.com/product/qantum-ui,True
UI_Window_MEDIUM_SlideMetal_02_CLOSED.wav,Qantum UI,Doex,https://sonniss.com/product/qantum-ui,True
VEHCar_Audi Q2 EXTERIOR Pass By Slow Decelerating Then Accelerating MSD_DRCA_AUQ2_MKH8040 MKH30.wav,Audi Q2,Dramatic Cat,https://sonniss.com/product/audi-q2,True
VEHCar_Audi Q2 ONBOARD Driving Sequence With Revs Up And Down EXHAUST RIGHT_DRCA_AUQ2_MKH8040.wav,Audi Q3,Dramatic Cat,https://sonniss.com/product/audi-q3,True
VEHCar_Audi Q2 ONBOARD Turn On Start Long Idle Stop Shutoff EXHAUST CENTER_DRCA_AUQ2_UsiPro.wav,Audi Q4,Dramatic Cat,https://sonniss.com/product/audi-q4,True
VEHCar_Audi Q7 EXTERIOR Approach Fast Stop Drive Away Fast ORTF_DRCA_AUQ7_MK012.wav,Audi Q7,Dramatic Cat,https://sonniss.com/product/audi-q7,True
VEHCar_Audi Q7 ONBOARD Driving Sequence With Various Accelerations And Decelerations 02 ENGINE INTAKE_DRCA_AUQ7_MikroUsi.wav,Audi Q8,Dramatic Cat,https://sonniss.com/product/audi-q8,True
VEHHorn_Audi Q7 EXTERIOR Horn Short And Long MONO_DRCA_AUQ7_Kmr81i.wav,Audi Q9,Dramatic Cat,https://sonniss.com/product/audi-q9,True
BOATMotr_Boat Mercury EXTERIOR Pass By Ride Away STEREO_DRCA_MERC_MKH8040 MKH30.wav,Lake Boat - Mercury 4-stroke 60HP,Dramatic Cat,https://sonniss.com/product/lake-boat-mercury-4-stroke-60hp,True
BOATMotr_Boat Mercury ONBOARD Ramp Up And Down Long ENGINE_DRCA_MERC_Kmr81i.wav,Lake Boat - Mercury 4-stroke 60HP,Dramatic Cat,https://sonniss.com/product/lake-boat-mercury-4-stroke-60hp,True
BOATWash_Boat Mercury ONBOARD Riding Sequence Various Speeds 01 FRONT_DRCA_MERC_MKH8040.wav,Lake Boat - Mercury 4-stroke 60HP,Dramatic Cat,https://sonniss.com/product/lake-boat-mercury-4-stroke-60hp,True
VEHFarm_Tractor Magnum 7250 EXTERIOR Pass By 01 STEREO_DRCA_MAGN_MKH8040 MKH30.wav,Magnum 7250,Dramatic Cat,https://sonniss.com/product/magnum-7250,True
VEHFarm_Tractor Magnum 7250 ONBOARD Driving Sequence Constant RPMs 01 INTERIOR_DRCA_MAGN_MK012.wav,Magnum 7251,Dramatic Cat,https://sonniss.com/product/magnum-7251,True
VEHFarm_Tractor Magnum 7250 ONBOARD Driving Sequence Idle And Revving ENGINE LEFT_DRCA_MAGN_UsiPro.wav,Magnum 7252,Dramatic Cat,https://sonniss.com/product/magnum-7252,True
GUNMech_Saiga 12 Cal.12 SOURCE Chamber Eject Bullet_DRCA_SG12_MKH416.wav,Saiga-12,Dramatic Cat,https://sonniss.com/product/saiga-12,True
GUNShotg_Saiga 12 Cal.12 DESIGNED Single Shot Core Long_DRCA_SG12_Stereo.wav,Saiga-13,Dramatic Cat,https://sonniss.com/product/saiga-13,True
GUNShotg_Saiga 12 Cal.12 SOURCE Single Shots 1m Side MKH8040_DRCA_SG12_MONO.wav,Saiga-14,Dramatic Cat,https://sonniss.com/product/saiga-14,True
GUNMech_SVD Dragunov 7.62×54R SOURCE Magazine Insert Slow_DRCA_DRAG_CO-100K.wav,SVD Dragunov,Dramatic Cat,https://sonniss.com/product/svd-dragunov,True
GUNRif_SVD Dragunov 7.62×54R DESIGNED Single Shot Core Long_DRCA_DRAG_Stereo_05.wav,SVD Dragunov,Dramatic Cat,https://sonniss.com/product/svd-dragunov,True
GUNRif_SVD Dragunov 7.62×54R SOURCE Single Shots 30m Front MikroUsi_DRCA_DRAG_AB.wav,SVD Dragunov,Dramatic Cat,https://sonniss.com/product/svd-dragunov,True
"OBJCont_Flask,aluminum,canteen,medium,feltcover,leatherbanding,aluminumrealcork,liquid,grab,squeeze,slosh_EWKR.wav",Flask,Eiravaein Works,https://sonniss.com/product/flask,True
"OBJCont_Flask,glass,figuredbottle,realcork,liquid,remove,squeak,slosh,alt4_EWKR.wav",Flask,Eiravaein Works,https://sonniss.com/product/flask,True
"OBJCont_Flask,gourd,oblong,medium,plasticsiliconecork,liquid,replace,alt6_EWKR.wav",Flask,Eiravaein Works,https://sonniss.com/product/flask,True
"OBJCont_Flask,wood,canteen,medium,clothstrap,metalbanding,woodcork,liquid,shaking,sloshing_EWKR.wav",Flask,Eiravaein Works,https://sonniss.com/product/flask,True
OBJMisc_HairDryerFoleyCableTension01_InMotionAudio_BrokenHairDryer.wav,Broken Hair Dryer,InMotionAudio,https://sonniss.com/product/broken-hair-dryer,True
OBJMisc_HairDryerOnOff04_InMotionAudio_BrokenHairDryer.wav,Broken Hair Dryer,InMotionAudio,https://sonniss.com/product/broken-hair-dryer,True
OBJMisc_HairDryerSwitch36_InMotionAudio_BrokenHairDryer.wav,Broken Hair Dryer,InMotionAudio,https://sonniss.com/product/broken-hair-dryer,True
AMBUndr_CaveDesign01_InMotionAudio_CaveDesign.wav,Cave Design,InMotionAudio,https://sonniss.com/product/cave-design,True
AMBUndwtr_WaterFlow05_InMotionAudio_CaveDesign.wav,Cave Design,InMotionAudio,https://sonniss.com/product/cave-design,True
WATRDrip_SingleDrip03_InMotionAudio_CaveDesign.wav,Cave Design,InMotionAudio,https://sonniss.com/product/cave-design,True
WATRDrip_SingleDripDesign05_InMotionAudio_CaveDesign.wav,Cave Design,InMotionAudio,https://sonniss.com/product/cave-design,True
ELECEmf_Electromagnetic05_InMotionAudio_Electromagnesis Samples Volume 1.wav,Electromagnesis,InMotionAudio,https://sonniss.com/product/electromagnesis,True
ELECEmf_Electromagnetic32_InMotionAudio_Electromagnesis Samples Volume 1 .wav,Electromagnesis,InMotionAudio,https://sonniss.com/product/electromagnesis,True
ELECEmf_Electromagnetic59_InMotionAudio_Electromagnesis Samples Volume 1.wav,Electromagnesis,InMotionAudio,https://sonniss.com/product/electromagnesis,True
ELECEmf_Electromagnetic66_InMotionAudio_Electromagnesis Samples Volume 1.wav,Electromagnesis,InMotionAudio,https://sonniss.com/product/electromagnesis,True
DSGNDron_Geofon05_InMotionAudio_GEODRONE.wav,GEODRONE,InMotionAudio,https://sonniss.com/product/geodrone,True
DSGNDron_Geofon17_InMotionAudio_GEODRONE.wav,GEODRONE,InMotionAudio,https://sonniss.com/product/geodrone,True
DSGNDron_Geofon24_InMotionAudio_GEODRONE.wav,GEODRONE,InMotionAudio,https://sonniss.com/product/geodrone,True
MOTRElec_LawnMowing01_InMotionAudio_LawnMowerAmbience.wav,Lawn Mower Ambience,InMotionAudio,https://sonniss.com/product/lawn-mower-ambience,True
AMBUrbn_CityAmbience07_InMotionAudio_ManchesterAmbience.wav,Manchester Ambience,InMotionAudio,https://sonniss.com/product/manchester-ambience,True
AMBUrbn_CityAmbience17_InMotionAudio_ManchesterAmbience.wav,Manchester Ambience,InMotionAudio,https://sonniss.com/product/manchester-ambience,True
TRNTram_TramByPass04_InMotionAudio_ManchesterAmbience.wav,Manchester Ambience,InMotionAudio,https://sonniss.com/product/manchester-ambience,True
FOLYMisc_3MMask_Movement04_InMotionAudio_MaskFoley.wav,Mask Foley,InMotionAudio,https://sonniss.com/product/mask-foley,True
FOLYMisc_BluePPEMask_Elastic09_InMotionAudio_MaskFoley.wav,Mask Foley,InMotionAudio,https://sonniss.com/product/mask-foley,True
FOLYMisc_FabricMask_Movement06_InMotionAudio_MaskFoley.wav,Mask Foley,InMotionAudio,https://sonniss.com/product/mask-foley,True
FOLYMisc_PlasticFaceShield_Movement04_InMotionAudio_MaskFoley.wav,Mask Foley,InMotionAudio,https://sonniss.com/product/mask-foley,True
COMTelm1_Left Parenthesis_InMotionAudio_MorseCodeSamples.wav,Morse Code,InMotionAudio,https://sonniss.com/product/morse-code,True
COMTelm3_QuotationMark_InMotionAudio_MorseCodeSamples.wav,Morse Code,InMotionAudio,https://sonniss.com/product/morse-code,True
COMTelm4_SOS_InMotionAudio_MorseCodeSamples.wav,Morse Code,InMotionAudio,https://sonniss.com/product/morse-code,True
ELECEmf_Hum03_InMotionAudio_MorseCodeSamples.wav,Morse Code,InMotionAudio,https://sonniss.com/product/morse-code,True
DSGNErie_EerieBoilerRoom06_InMotionAudio_Sinister Textures Volume 1.wav,Sinister Textures 1,InMotionAudio,https://sonniss.com/product/sinister-textures-1,True
DSGNErie_EerieSubway01_InMotionAudio_Sinister Textures Volume 1.wav,Sinister Textures 2,InMotionAudio,https://sonniss.com/product/sinister-textures-2,True
DSGNErie_Eerie02_InMotionAudio_SinisterTexturesVolume2.wav,Sinister Textures 2,InMotionAudio,https://sonniss.com/product/sinister-textures-2,True
DSGNErie_Eerie06_InMotionAudio_SinisterTexturesVolume2.wav,Sinister Textures 3,InMotionAudio,https://sonniss.com/product/sinister-textures-3,True
DSGNErie_Eerie23_InMotionAudio_SinisterTexturesVolume2.wav,Sinister Textures 4,InMotionAudio,https://sonniss.com/product/sinister-textures-4,True
CLOCKTick_Clock53_InMotionAudio_SinisterTextures3.wav,Sinister Textures 3,InMotionAudio,https://sonniss.com/product/sinister-textures-3,True
CLOCKTick_ClockMultiReverb11_InMotionAudio_SinisterTextures3.wav,Sinister Textures 4,InMotionAudio,https://sonniss.com/product/sinister-textures-4,True
CLOCKTick_ClockMultiReverse51_InMotionAudio_SinisterTextures3.wav,Sinister Textures 5,InMotionAudio,https://sonniss.com/product/sinister-textures-5,True
CLOCKTick_ClockMultiReverseReverb58_InMotionAudio_SinisterTextures3.wav,Sinister Textures 6,InMotionAudio,https://sonniss.com/product/sinister-textures-6,True
VEGELeaf_CornLeafMovements02_InMotionAudio_SoundoftheCorn.wav,Sound of the Corn,InMotionAudio,https://sonniss.com/product/sound-of-the-corn,True
VEGEMisc_CornStalkMovements20_InMotionAudio_SoundoftheCorn.wav,Sound of the Corn,InMotionAudio,https://sonniss.com/product/sound-of-the-corn,True
WINDVege_CornFieldsDay02_InMotionAudio_SoundoftheCorn.wav,Sound of the Corn,InMotionAudio,https://sonniss.com/product/sound-of-the-corn,True
WATRDran_Drain02_InMotionAudio_Submerge.wav,Submerge,InMotionAudio,https://sonniss.com/product/submerge,True
WATRFlow_WaterFlow21_InMotionAudio_Submerge.wav,Submerge,InMotionAudio,https://sonniss.com/product/submerge,True
WATRImpt_Impact20_InMotionAudio_Submerge.wav,Submerge,InMotionAudio,https://sonniss.com/product/submerge,True
WATRMvmt_WaterRockMovement04_InMotionAudio_Submerge.wav,Submerge,InMotionAudio,https://sonniss.com/product/submerge,True
AMBForst_Forest04_InMotionAudio_TheForestSamples.wav,The Forest,InMotionAudio,https://sonniss.com/product/the-forest,True
AMBForst_Forest08_InMotionAudio_TheForestSamples.wav,The Forest,InMotionAudio,https://sonniss.com/product/the-forest,True
CLOTHRip_CottonRips13_InMotionAudio_TornTShirt.wav,Torn T-Shirt,InMotionAudio,https://sonniss.com/product/torn-t-shirt,True
CLOTHRip_CottonRips44_InMotionAudio_TornTShirt.wav,Torn T-Shirt,InMotionAudio,https://sonniss.com/product/torn-t-shirt,True
CLOTHRip_CottonRips74_InMotionAudio_TornTShirt.wav,Torn T-Shirt,InMotionAudio,https://sonniss.com/product/torn-t-shirt,True
CLOTHRip_CottonRips92_InMotionAudio_TornTShirt.wav,Torn T-Shirt,InMotionAudio,https://sonniss.com/product/torn-t-shirt,True
AMBTran_TrainStation06_InMotionAudio_TrainStationAmbience.wav,Train Station Ambience,InMotionAudio,https://sonniss.com/product/train-station-ambience,True
AMBTran_TrainStation10_InMotionAudio_TrainStationAmbience.wav,Train Station Ambience,InMotionAudio,https://sonniss.com/product/train-station-ambience,True
AMBCnst_Construction03_InMotionAudio_UKConstructionAmbience.wav,UK Construction Ambience,InMotionAudio,https://sonniss.com/product/uk-construction-ambience,True
AMBCnst_Construction07_InMotionAudio_UKConstructionAmbience.wav,UK Construction Ambience,InMotionAudio,https://sonniss.com/product/uk-construction-ambience,True
AMBTraf_Day09_Traffic_NTG4_InMotionAudio_UKMotorwaySamples.wav,UK Motorway,InMotionAudio,https://sonniss.com/product/uk-motorway,True
AMBTraf_Night07_Traffic_H4N_InMotionAudio_UKMotorwaySamples.wav,UK Motorway,InMotionAudio,https://sonniss.com/product/uk-motorway,True
AMBInd_WorkShop04_InMotionAudio_UKPoliceVehicleSamples.wav,UK Police Vehicle,InMotionAudio,https://sonniss.com/product/uk-police-vehicle,True
VEHDoor_PoliceFordTransitVan_CellDoor02_InMotionAudio_UKPoliceVehicleSamples.wav,UK Police Vehicle,InMotionAudio,https://sonniss.com/product/uk-police-vehicle,True
VEHMech_PoliceFordTransitVan__CellDoor_LockOpen02_InMotionAudio_UKPoliceVehicleSamples.wav,UK Police Vehicle,InMotionAudio,https://sonniss.com/product/uk-police-vehicle,True
VEHMisc_PoliceFordTransitVan_CellFoley02_InMotionAudio_UKPoliceVehicleSamples.wav,UK Police Vehicle,InMotionAudio,https://sonniss.com/product/uk-police-vehicle,True
AMBPubl_ShopAmbience04_InMotionAudio_UKShopSamples.wav,UK Shops,InMotionAudio,https://sonniss.com/product/uk-shops,True
AMBPubl_ShopAmbience08_InMotionAudio_UKShopSamples.wav,UK Shops,InMotionAudio,https://sonniss.com/product/uk-shops,True
AMBTran_TrainInterior06_InMotionAudio_UKTrainInteriorAmbience.wav,UK Train Interior Ambience,InMotionAudio,https://sonniss.com/product/uk-train-interior-ambience,True
AMBTran_TrainInterior21_InMotionAudio_UKTrainInteriorAmbience.wav,UK Train Interior Ambience,InMotionAudio,https://sonniss.com/product/uk-train-interior-ambience,True
WOODBrk_Snap09_InMotionAudio_Wood.wav,Wood,InMotionAudio,https://sonniss.com/product/wood-2,True
WOODFric_Scrapes09_InMotionAudio_Wood.wav,Wood,InMotionAudio,https://sonniss.com/product/wood-3,True
WOODImpt_Drops20_InMotionAudio_Wood.wav,Wood,InMotionAudio,https://sonniss.com/product/wood-4,True
WOODMvmt_FoleyMovement01_InMotionAudio_Wood.wav,Wood,InMotionAudio,https://sonniss.com/product/wood-5,True
"AMBTran_Train Station Boulevard Entrance Ambience,_JF_Train Station Atmos.wav",British Train Station Ambiences,Jake Fielding,https://sonniss.com/product/british-train-station-ambiences,True
"AMBTran_Underground Station Ambience, Knightsbridge,_JF_Train Station Atmos.wav",British Train Station Ambiences,Jake Fielding,https://sonniss.com/product/british-train-station-ambiences,True
"AMBRoom_Morgue Freezer Tone, Interior_JF_Morgue Tones_02.wav",Chamber of Shadows - Morgue Room Tones,Jake Fielding,https://sonniss.com/product/chamber-of-shadows-morgue-room-tones,True
AMBRoom_Morgue Freezer Unit Room Tone_JF_Morgue Tones_03.wav,Chamber of Shadows - Morgue Room Tones,Jake Fielding,https://sonniss.com/product/chamber-of-shadows-morgue-room-tones,True
"AMBRoom_Morgue Reception Room Tone, Fan, Movement_JF_Morgue Tones_02.wav",Chamber of Shadows - Morgue Room Tones,Jake Fielding,https://sonniss.com/product/chamber-of-shadows-morgue-room-tones,True
"AMBCnst_Hammering, Tools, Tent, Reverb_JF_Circus.wav",Circus Ambiences,Jake Fielding,https://sonniss.com/product/circus-ambiences,True
"MACHFan_Generator, Air Conditioning, Motor, Hum_JF_Circus_02.wav",Circus Ambiences,Jake Fielding,https://sonniss.com/product/circus-ambiences,True
"VOXFem_Accouncement Wet, Ringmaster, Performer, Dialogue_JF_Circus_01.wav",Circus Ambiences,Jake Fielding,https://sonniss.com/product/circus-ambiences,True
"FOLYMisc_Drill Movement, Set Down_Jake Fielding_Drill.wav",Drill - Foley & Bursts,Jake Fielding,https://sonniss.com/product/drill-foley-bursts,True
"TOOLPowr_Drill Burst, Rev, Mechanical Tool, Electric,_Jake Fielding_Drill_09.wav",Drill - Foley & Bursts,Jake Fielding,https://sonniss.com/product/drill-foley-bursts,True
"TOOLPowr_Drill Burst, Rev, Mechanical Tool, Electric,_Jake Fielding_Drill_22.wav",Drill - Foley & Bursts,Jake Fielding,https://sonniss.com/product/drill-foley-bursts,True
"MACHAppl_Electrical Fridge Hum, Water Drips, Rattle,_Jake Fielding_Fridge Hums.wav",Fridge Hums,Jake Fielding,https://sonniss.com/product/fridge-hums,True
"MACHAppl_Water Cooler, Fridge, Electrical Appliance,_Jake Fielding_Fridge Hums_02.wav",Fridge Hums,Jake Fielding,https://sonniss.com/product/fridge-hums,True
"DSGNBoom_Cinematic Metallic Hit, Boom, Trailer, Sub_JF_Haunted Metal Vol 1_02.wav",Haunted Metal Vol.1 - Cinematic Hits & Impacts,Jake Fielding,https://sonniss.com/product/haunted-metal-vol-1-cinematic-hits-impacts,True
"DSGNBoom_Cinematic Metallic Hit, Boom, Trailer, Sub_JF_Haunted Metal Vol 1_18.wav",Haunted Metal Vol.1 - Cinematic Hits & Impacts,Jake Fielding,https://sonniss.com/product/haunted-metal-vol-1-cinematic-hits-impacts,True
"DSGNBoom_Cinematic Metallic Hit, Boom, Trailer, Sub_JF_Haunted Metal Vol 1_60.wav",Haunted Metal Vol.1 - Cinematic Hits & Impacts,Jake Fielding,https://sonniss.com/product/haunted-metal-vol-1-cinematic-hits-impacts,True
"DSGNBoom_Cinematic Metallic Hit, Boom, Trailer, Sub_JF_Haunted Metal Vol 1_78.wav",Haunted Metal Vol.1 - Cinematic Hits & Impacts,Jake Fielding,https://sonniss.com/product/haunted-metal-vol-1-cinematic-hits-impacts,True
"DSGNRise_Cinematic Metallic Riser, Trailer, Designed Eerie Wail_JF_Haunted Metal Vol 2_02.wav",Haunted Metal Vol.2 - Cinematic Creaks & Risers,Jake Fielding,https://sonniss.com/product/haunted-metal-vol-2-cinematic-creaks-risers,True
"DSGNRise_Cinematic Metallic Riser, Trailer, Designed Groan_JF_Haunted Metal Vol 2_08.wav",Haunted Metal Vol.2 - Cinematic Creaks & Risers,Jake Fielding,https://sonniss.com/product/haunted-metal-vol-2-cinematic-creaks-risers,True
"DSGNRise_Cinematic Metallic Riser, Trailer, Designed,_JF_Haunted Metal Vol 2_39.wav",Haunted Metal Vol.2 - Cinematic Creaks & Risers,Jake Fielding,https://sonniss.com/product/haunted-metal-vol-2-cinematic-creaks-risers,True
"DSGNRise_Cinematic Metallic Riser, Trailer, Designed,_JF_Haunted Metal Vol 2_67.wav",Haunted Metal Vol.2 - Cinematic Creaks & Risers,Jake Fielding,https://sonniss.com/product/haunted-metal-vol-2-cinematic-creaks-risers,True
"DSGNDron_Tense Metallic Tone, Cinematic, Eerie, Wail,_JF_Haunted Metal Vol 3_26.wav",Haunted Metal Vol.3 - Cinematic Tones & Textures,Jake Fielding,https://sonniss.com/product/haunted-metal-vol-3-cinematic-tones-textures,True
"DSGNRise_Deep Metallic Rattle, Tense, Epic_JF_Haunted Metal Vol 3_07.wav",Haunted Metal Vol.3 - Cinematic Tones & Textures,Jake Fielding,https://sonniss.com/product/haunted-metal-vol-3-cinematic-tones-textures,True
"DSGNRise_Tense Metallic Creaky Hits, Groan_JF_Haunted Metal Vol 3_14.wav",Haunted Metal Vol.3 - Cinematic Tones & Textures,Jake Fielding,https://sonniss.com/product/haunted-metal-vol-3-cinematic-tones-textures,True
"DSGNTonl_Deep Metallic Hits, Epic, Sub, Bass_JF_Haunted Metal Vol 3_12.wav",Haunted Metal Vol.3 - Cinematic Tones & Textures,Jake Fielding,https://sonniss.com/product/haunted-metal-vol-3-cinematic-tones-textures,True
"AMBInd_Distant Port Atmos, Dover, Industrial, Vehicles,_Jake Fielding_Industrial Harbor.wav",Industrial Harbor,Jake Fielding,https://sonniss.com/product/industrial-harbor,True
"BOATMisc_Boats going past, Port_Jake Fielding_Industrial Harbor.wav",Industrial Harbor,Jake Fielding,https://sonniss.com/product/industrial-harbor,True
WATRWave_Water Lapping against port_Jake Fielding_Industrial Harbor.wav,Industrial Harbor,Jake Fielding,https://sonniss.com/product/industrial-harbor,True
"CRWDWalla_Neutral Interior Walla, Hushed Voices, Reverberant,_Jake Fielding_INT WALLA_03.wav",Neutral Interior Walla,Jake Fielding,https://sonniss.com/product/neutral-interior-walla,True
"CRWDWalla_Neutral Interior Walla, Hushed Voices, Reverberant,_Jake Fielding_INT WALLA_05.wav",Neutral Interior Walla,Jake Fielding,https://sonniss.com/product/neutral-interior-walla,True
"BIRDPrey_Red Kite Call, Screech, Bird of Prey, Hawk,_Jake Fielding_Red Kite_02.wav",Red Kite,Jake Fielding,https://sonniss.com/product/red-kite,True
"AMBBird_Cicadas, Crickets, Insects, Birds, Nature,_Jake Fielding_Sounds of Spain_02.wav",Sounds of Spain,Jake Fielding,https://sonniss.com/product/sounds-of-spain,True
"AMBOffc_Room Tone, Window Open, Walla, Spanish, Traffic,_Jake Fielding_Sounds of Spain.wav",Sounds of Spain,Jake Fielding,https://sonniss.com/product/sounds-of-spain,True
AMBTown_Town Square 02_Jake Fielding_Sounds of Spain.wav,Sounds of Spain,Jake Fielding,https://sonniss.com/product/sounds-of-spain,True
"BIRDSong_Bird, Nature, Isolated, Spain_Jake Fielding_Sounds of Spain.wav",Sounds of Spain,Jake Fielding,https://sonniss.com/product/sounds-of-spain,True
"DOORGate_Metal Gate Spring Latch Mechanism, Screech_Jake Fielding_Squeaky Gates_01.wav",Squeaky Gates,Jake Fielding,https://sonniss.com/product/squeaky-gates,True
DOORGate_Wooden Metal Hinge Creaks_Jake Fielding_Squeaky Gates.wav,Squeaky Gates,Jake Fielding,https://sonniss.com/product/squeaky-gates,True
AMBInd_Industrial Warehouse Construction Ambience_JF_SoS_01.wav,Symphony of Steel - Steelwork Ambiences Sound Effects,Jake Fielding,https://sonniss.com/product/symphony-of-steel-steelwork-ambiences-sound-effects,True
"METLFric_Steel Cutting, Machine, Industrial, Factory_JF_SoS.wav",Symphony of Steel - Steelwork Ambiences Sound Effects,Jake Fielding,https://sonniss.com/product/symphony-of-steel-steelwork-ambiences-sound-effects,True
"METLFric_Steel Welding & Grinding, Machine, Industrial_JF_SoS.wav",Symphony of Steel - Steelwork Ambiences Sound Effects,Jake Fielding,https://sonniss.com/product/symphony-of-steel-steelwork-ambiences-sound-effects,True
DOORHydr_Train Door Close_JF_Train Tracks .wav,Train Onboards,Jake Fielding,https://sonniss.com/product/train-onboards,True
"TRNSbwy_London Underground, Metro, Break Squeal,_JF_Train Tracks_03.wav",Train Onboards,Jake Fielding,https://sonniss.com/product/train-onboards,True
VOXFem_Train Tannoy Announcement_JF_Train Tracks_02.wav,Train Onboards,Jake Fielding,https://sonniss.com/product/train-onboards,True
AMBForst_Spring Afternoon Edge of Mixed Forest Yellowhammer Eurasian Blackcap Tree Pipit Insects_JSE_FA.wav,Forest Ambiences,Justsoundeffects,https://sonniss.com/product/forest-ambiences,True
AMBForst_Spring Noon Deciduous Forest Gentle Wind Leaves Rustling Blackbird Raven in Background_JSE_FA.wav,Forest Ambiences,Justsoundeffects,https://sonniss.com/product/forest-ambiences,True
BIRDPrey_Spring Night Deciduous Forest Many Tawny Owls Wind Leaves Rustling_JSE_FA.wav,Forest Ambiences,Justsoundeffects,https://sonniss.com/product/forest-ambiences,True
BIRDSong_Spring Noon Coniferous Forest Coal Tit Wind_JSE_FA.wav,Forest Ambiences,Justsoundeffects,https://sonniss.com/product/forest-ambiences,True
AMBForst_Morning Small Birch Forest Willow Warbler Singing Many Insects Humming_JSE_FoN_Quad.wav,Forests of Norway,Justsoundeffects,https://sonniss.com/product/forests-of-norway,True
BIRDMisc_Green Woodpeckers Calling On Lakeshore Far Away_JSE_FoN.wav,Forests of Norway,Justsoundeffects,https://sonniss.com/product/forests-of-norway,True
RAINVege_Rain Mixed Forest Dropping On Leaves And Gravel Path_JSE_FoN_Quad.wav,Forests of Norway,Justsoundeffects,https://sonniss.com/product/forests-of-norway,True
WINDVege_Mixed Forest Wind Blowing Through Birches Beeches And Spruces Tree Trunk Squeaking_JSE_FoN_Quad.wav,Forests of Norway,Justsoundeffects,https://sonniss.com/product/forests-of-norway,True
GOREBone_Bone Breaks Celery 01_JSE_GMP.wav,Gore Mini Pack,Justsoundeffects,https://sonniss.com/product/gore-mini-pack,True
GOREFlsh_Flesh Drops on Floor 03_JSE_GMP.wav,Gore Mini Pack,Justsoundeffects,https://sonniss.com/product/gore-mini-pack,True
GORESplt_Gore Splatter 01_JSE_GMP.wav,Gore Mini Pack,Justsoundeffects,https://sonniss.com/product/gore-mini-pack,True
WEAPArmr_Metal Shield Block Hits_JSE_MW.wav,Melee Weapons,Justsoundeffects,https://sonniss.com/product/melee-weapons,True
WEAPAxe_Long Two-Handed Axe Flesh Hit_JSE_MW.wav,Melee Weapons,Justsoundeffects,https://sonniss.com/product/melee-weapons,True
WEAPAxe_One-Handed Axe Drops_JSE_MW.wav,Melee Weapons,Justsoundeffects,https://sonniss.com/product/melee-weapons,True
WEAPSwrd_Weapon 03 Slow Scrapes_JSE_MW.wav,Melee Weapons,Justsoundeffects,https://sonniss.com/product/melee-weapons,True
VEHCar_Renault R4 GTL Drive Various Speed Gear Down Exterior_JSE_RR4_Engine Compartment Mic_Mono.wav,Renault R4,Justsoundeffects,https://sonniss.com/product/renault-r4,True
VEHHorn_Renault R4 GTL Horn Signal 01 Interior_JSE_RR4_Mono.wav,Renault R5,Justsoundeffects,https://sonniss.com/product/renault-r5,True
VEHMech_Renault R4 GTL Windshield Washer Interior_JSE_RR4_Stereo.wav,Renault R6,Justsoundeffects,https://sonniss.com/product/renault-r6,True
VEHTire_Renault R4 GTL Drive and Roll Fast Across Street Speed Bumps Exterior_JSE_RR4_Wheel Mic_Mono.wav,Renault R7,Justsoundeffects,https://sonniss.com/product/renault-r7,True
AIRBrst_Steam Release Short 03_JSE_SG_Mono.wav,Steampunk Gadgets,Justsoundeffects,https://sonniss.com/product/steampunk-gadgets,True
AMBDsgn_Factory Hall with Large Steam Mashines 02_JSE_SG.wav,Steampunk Gadgets,Justsoundeffects,https://sonniss.com/product/steampunk-gadgets,True
MECHGear_Tiny Rotation 01_JSE_SG_Stereo.wav,Steampunk Gadgets,Justsoundeffects,https://sonniss.com/product/steampunk-gadgets,True
MECHMisc_Ricochet Hits 01_JSE_SG.wav,Steampunk Gadgets,Justsoundeffects,https://sonniss.com/product/steampunk-gadgets,True
WATRDrip_Dripping Water On Metal Pot Lid_JSE_WIM_Mono.wav,Water in Motion,Justsoundeffects,https://sonniss.com/product/water-in-motion,True
WATRFizz_Fizzing Effervescent Tablets 03_JSE_WIM_Mono.wav,Water in Motion,Justsoundeffects,https://sonniss.com/product/water-in-motion,True
WATRMvmt_Soft Movement 01_JSE_WIM.wav,Water in Motion,Justsoundeffects,https://sonniss.com/product/water-in-motion,True
WATRUndwtr_Evolving Underwater Bubbles_JSE_WIM.wav,Water in Motion,Justsoundeffects,https://sonniss.com/product/water-in-motion,True
OBJPack_Big Cardboard Box Impact_ 02_MWSFX_CDAP.wav,Cardboard and Paper,Mechanical Wave,https://sonniss.com/product/cardboard-and-paper,True
OBJPack_Big Cardboard Box Slide_ 04_MWSFX_CDAP.wav,Cardboard and Paper,Mechanical Wave,https://sonniss.com/product/cardboard-and-paper,True
PAPRHndl_Large Book Squeak Page Turn_ 01_MWSFX_CDAP.wav,Cardboard and Paper,Mechanical Wave,https://sonniss.com/product/cardboard-and-paper,True
PAPRHndl_Paper Sheet Crumple_ 04_MWSFX_CDAP.wav,Cardboard and Paper,Mechanical Wave,https://sonniss.com/product/cardboard-and-paper,True
DSGNBoom_Cinematic Hit_MWSFX_CF 05.wav,Cinematic Feel,Mechanical Wave,https://sonniss.com/product/cinematic-feel,True
DSGNBram_Cinematic Horn_MWSFX_CF 05.wav,Cinematic Feel,Mechanical Wave,https://sonniss.com/product/cinematic-feel,True
DSGNMisc_Gore Downshifter_MWSFX_CF 01.wav,Cinematic Feel,Mechanical Wave,https://sonniss.com/product/cinematic-feel,True
WHSH_Sci-Fi Heavy Whoosh_MWSFX_CF 29.wav,Cinematic Feel,Mechanical Wave,https://sonniss.com/product/cinematic-feel,True
ANMLFarm_Pig Squeal and Snort-18_MWSFX_FA.wav,Farm Animals,Mechanical Wave,https://sonniss.com/product/farm-animals-sound-effects,True
BIRDFowl_Chick Squawks-02_MWSFX_FA.wav,Farm Animals,Mechanical Wave,https://sonniss.com/product/farm-animals-sound-effects,True
BIRDFowl_Goose Baby And Adult-02_MWSFX_FA.wav,Farm Animals,Mechanical Wave,https://sonniss.com/product/farm-animals-sound-effects,True
BIRDFowl_Rooster Call-12_MWSFX_FA.wav,Farm Animals,Mechanical Wave,https://sonniss.com/product/farm-animals-sound-effects,True
GLASBrk_Glass Break Hit_04_MWSFX_GL.wav,Glass,Mechanical Wave,https://sonniss.com/product/glass-2,True
GLASMisc_Glass Bottle Open_01_MWSFX_GL.wav,Glass,Mechanical Wave,https://sonniss.com/product/glass-3,True
GLASMisc_Reverse Glass Effect_04_MWSFX_GL.wav,Glass,Mechanical Wave,https://sonniss.com/product/glass-4,True
GLASTonl_Dark Tone Thrill_07_MWSFX_GL.wav,Glass,Mechanical Wave,https://sonniss.com/product/glass-5,True
MOTRComb_Chainsaw Working_QUAD-01_MWSFX_LJ.wav,Lumberjack,Mechanical Wave,https://sonniss.com/product/lumberjack,True
WOODBrk_Large Tree Heavy Fall-07_MWSFX_LJ.wav,Lumberjack,Mechanical Wave,https://sonniss.com/product/lumberjack,True
WOODBrk_Tree Crack and Fall-13_MWSFX_TJ.wav,Lumberjack,Mechanical Wave,https://sonniss.com/product/lumberjack,True
ANMLCat_Cat Moew_ 03_MWSFX_SEC.wav,Sound Effects Collection,Mechanical Wave,https://sonniss.com/product/sound-effects-collection,True
BELLHand_Metallic Bell_ 22_MWSFX_SEC.wav,Sound Effects Collection,Mechanical Wave,https://sonniss.com/product/sound-effects-collection,True
ICEMisc_Ice Sizzle_05_MWSFX_SEC.wav,Sound Effects Collection,Mechanical Wave,https://sonniss.com/product/sound-effects-collection,True
TOOLHand_Shears Slide Open Close_ 01_MWSFX_SEC.wav,Sound Effects Collection,Mechanical Wave,https://sonniss.com/product/sound-effects-collection,True
METLCrsh_Drop Fall Metal Rattle Scrap Debris_06_MWSFX_TM.wav,Torturing Metal,Mechanical Wave,https://sonniss.com/product/torturing-metal,True
METLFric_Screeching Metal Rub-11_MWSFX_TM.wav,Torturing Metal,Mechanical Wave,https://sonniss.com/product/torturing-metal,True
METLImpt_Metal Impact-03_MWSFX_TM.wav,Torturing Metal,Mechanical Wave,https://sonniss.com/product/torturing-metal,True
METLTonl_Reversed Metal-28_MWSFX_TM.wav,Torturing Metal,Mechanical Wave,https://sonniss.com/product/torturing-metal,True
WATRFlow_Brook Full Large Olympic Alpine Loop_Cascadia FW.wav,Cascadia: Flowing Water,Nick McMahan,https://sonniss.com/product/cascadia-flowing-water,True
WATRFlow_Creek Rocky Distant Falls Loop_Cascadia FW.wav,Cascadia: Flowing Water,Nick McMahan,https://sonniss.com/product/cascadia-flowing-water,True
WATRFlow_Stream Small Alpine Loop_Cascadia FW.wav,Cascadia: Flowing Water,Nick McMahan,https://sonniss.com/product/cascadia-flowing-water,True
WATRLap_Lake Small Sandy Beach Loop_Cascadia Shore Waves.wav,Cascadia: Shore Waves,Nick McMahan,https://sonniss.com/product/cascadia-shore-waves,True
WATRSurf_Ocean Hydrophone In Sand Large Near Single 01 _Cascadia Shore Waves.wav,Cascadia: Shore Waves,Nick McMahan,https://sonniss.com/product/cascadia-shore-waves,True
WATRSurf_Ocean Medium to Large Rocks 02 Loop_Cascadia Shore Waves.wav,Cascadia: Shore Waves,Nick McMahan,https://sonniss.com/product/cascadia-shore-waves,True
"08,DragonReveal - dramatic and recap.wav",Cinematic Transitions for Editors Volume 2,Orbital Emitter,https://sonniss.com/product/cinematic-transitions-for-editors-volume-2,True
"27,Searing.wav",Cinematic Transitions for Editors Volume 3,Orbital Emitter,https://sonniss.com/product/cinematic-transitions-for-editors-volume-3,True
"80,TheGong.wav",Cinematic Transitions for Editors Volume 4,Orbital Emitter,https://sonniss.com/product/cinematic-transitions-for-editors-volume-4,True
"112,StringsSectionRiser.wav",Cinematic Transitions for Editors Volume 5,Orbital Emitter,https://sonniss.com/product/cinematic-transitions-for-editors-volume-5,True
AMB - 7.1.4 - Suburb Outskirts - Forest Edge - Outside Summerhouse - Many Birds - Wind - Atmos - EHR - 5.1 stem.wav,Ambiences for Atmos Vol 2 – Suburb Outskirts,Pole Position Production,https://sonniss.com/product/ambiences-for-atmos-vol-2-suburb-outskirts,True
AMB - 7.1.4 - Suburb Outskirts - Forest Edge - Outside Summerhouse - Many Birds - Wind - Atmos - MKH8020 - Lss_Rss.wav,Ambiences for Atmos Vol 2 – Suburb Outskirts,Pole Position Production,https://sonniss.com/product/ambiences-for-atmos-vol-2-suburb-outskirts,True
AMB - 7.1.4 - Suburb Outskirts - Forest Edge - Outside Summerhouse - Many Birds - Wind - Atmos - MKH8040 - Ltf_Rtf.wav,Ambiences for Atmos Vol 2 – Suburb Outskirts,Pole Position Production,https://sonniss.com/product/ambiences-for-atmos-vol-2-suburb-outskirts,True
AMB - 7.1.4 - Suburb Outskirts - Forest Edge - Outside Summerhouse - Many Birds - Wind - Atmos - MKH8040 - Ltr_Rtr.wav,Ambiences for Atmos Vol 2 – Suburb Outskirts,Pole Position Production,https://sonniss.com/product/ambiences-for-atmos-vol-2-suburb-outskirts,True
Bandkanon 1C - t1 - ONBRD - SLOW - Start Drive Stop Reverse Stop Drive Stop Off - ENGINE - Mix.wav,Artillery Vehicle Bandkanon 1C,Pole Position Production,https://sonniss.com/product/artillery-vehicle-bandkanon-1c,True
Bandkanon 1C - t5 - ONBRD - RAMPS - Drive Stop Off - INTERIOR - Driver - DPA4061.wav,Artillery Vehicle Bandkanon 1C,Pole Position Production,https://sonniss.com/product/artillery-vehicle-bandkanon-1c,True
Bandkanon 1C - t6 - EXT - STEADY RPMS - Start Away By - MS Decoded - RSM191.wav,Artillery Vehicle Bandkanon 1C,Pole Position Production,https://sonniss.com/product/artillery-vehicle-bandkanon-1c,True
Bandkanon 1C - t10 - VAR SFX - Simulated Shell Ejection 1 - MS Decoded - RSM191.wav,Artillery Vehicle Bandkanon 1C,Pole Position Production,https://sonniss.com/product/artillery-vehicle-bandkanon-1c,True
Audi Quattro - t4 - ONBRD - GEARSHIFTS - Drive - ENGINE - Center - MKH8020.wav,Audi Ur-Quattro 1983 - Car Sound Effects,Pole Position Production,https://sonniss.com/product/audi-ur-quattro-1983-car-sound-effects,True
Audi Quattro - t6 - ONBRD - STEADY RPMS - Start Drive - INTERIOR - Front - DPA4061.wav,Audi Ur-Quattro 1983 - Car Sound Effects,Pole Position Production,https://sonniss.com/product/audi-ur-quattro-1983-car-sound-effects,True
Audi Quattro - t10 - EXT - FAST - Various - MS Decoded - RSM191.wav,Audi Ur-Quattro 1983 - Car Sound Effects,Pole Position Production,https://sonniss.com/product/audi-ur-quattro-1983-car-sound-effects,True
Audi Quattro - t12 - VAR SFX - Gear Stick Dry Movement - ENGINE - Center - MKH8020.wav,Audi Ur-Quattro 1983 - Car Sound Effects,Pole Position Production,https://sonniss.com/product/audi-ur-quattro-1983-car-sound-effects,True
Beechcraft Baron 58 - t2 - EXT - TAKE OFF - By - M10.wav,Beechcraft Baron 58 1969,Pole Position Production,https://sonniss.com/product/beechcraft-baron-58-1969,True
Beechcraft Baron 58 - t4 - EXT - LAND - By - Distant - ORTF - CMC6.wav,Beechcraft Baron 58 1970,Pole Position Production,https://sonniss.com/product/beechcraft-baron-58-1970,True
Beechcraft Baron 58 - t11 - ONBRD - IDLE - Right ENGINE - Start Stationary Idle Increasing RPMS Off - EXHAUST - AKG-D12.wav,Beechcraft Baron 58 1971,Pole Position Production,https://sonniss.com/product/beechcraft-baron-58-1971,True
Beechcraft Baron 58 - t12 - VAR SFX - Stall Warning - MS Decoded - RSM191.wav,Beechcraft Baron 58 1972,Pole Position Production,https://sonniss.com/product/beechcraft-baron-58-1972,True
Beretta 1201F - FIRING - 10m Behind - Holophone.wav,Beretta 1201 F,Pole Position Production,https://sonniss.com/product/beretta-1201-f,True
Beretta 1201F - FIRING - Close - DPA4062.wav,Beretta 1201 F,Pole Position Production,https://sonniss.com/product/beretta-1201-f,True
Beretta 1201F - VAR SFX - Failed Racking Movements - MS Decoded - MKH418S.wav,Beretta 1201 F,Pole Position Production,https://sonniss.com/product/beretta-1201-f,True
Citroen C3 R5 WRC2 - t1 - EXT - GEARSHIFTS - By - EXTERIOR 1 - Mix.wav,Citroen C3 R5 WRC2 2019,Pole Position Production,https://sonniss.com/product/citroen-c3-r5-wrc2-2019,True
Citroen C3 R5 WRC2 - t3 - ONBRD - STEADY RPMS - Drive - ENGINE - VP88.wav,Citroen C3 R5 WRC2 2020,Pole Position Production,https://sonniss.com/product/citroen-c3-r5-wrc2-2020,True
Citroen C3 R5 WRC2 - t4 - ONBRD - IDLE - Various - INTERIOR - AMBEO.wav,Citroen C3 R5 WRC2 2021,Pole Position Production,https://sonniss.com/product/citroen-c3-r5-wrc2-2021,True
Citroen C3 R5 WRC2 - t7 - EXT - MEDIUM - Various - Holophone.wav,Citroen C3 R5 WRC2 2022,Pole Position Production,https://sonniss.com/product/citroen-c3-r5-wrc2-2022,True
Citroen C5 - t4 - ONBRD - GEARSHIFTS - Drive Stop Off - ENGINE - Left - DPA4061.wav,Citroen C5 2002 - Car Sound Effects,Pole Position Production,https://sonniss.com/product/citroen-c5-2002-car-sound-effects,True
Citroen C5 - t5 - EXT - RAMPS - By - M10.wav,Citroen C5 2002 - Car Sound Effects,Pole Position Production,https://sonniss.com/product/citroen-c5-2002-car-sound-effects,True
Citroen C5 - t6 - ONBRD - STEADY RPMS - Drive - EXHAUST - Mix.wav,Citroen C5 2002 - Car Sound Effects,Pole Position Production,https://sonniss.com/product/citroen-c5-2002-car-sound-effects,True
Citroen C5 - t9 - VAR SFX - Door Open and Close from the Inside - MS Decoded - RSM191.wav,Citroen C5 2002 - Car Sound Effects,Pole Position Production,https://sonniss.com/product/citroen-c5-2002-car-sound-effects,True
Citroen DS3 WRC - t1 - EXT - GEARSHIFTS - By Up Stop Off - EXTERIOR 3 - Mix.wav,Citroen DS3 WRC 2012,Pole Position Production,https://sonniss.com/product/citroen-ds3-wrc-2012,True
Citroen DS3 WRC - t3 - ONBRD - RAMPS - Drive Stop - EXHAUST - MKH8040.wav,Citroen DS3 WRC 2013,Pole Position Production,https://sonniss.com/product/citroen-ds3-wrc-2013,True
Citroen DS3 WRC - t6 - ONBRD - IDLE - Steady Rev Limiter Stall Start Steady Off - EXHAUST - Center - DPA4062.wav,Citroen DS3 WRC 2014,Pole Position Production,https://sonniss.com/product/citroen-ds3-wrc-2014,True
Citroen Xsara WRC - t2 - ONBRD - RAMPS - Start Drive Stop Various - EXHAUST - MKH8040.wav,Citroen Xsara WRC 2001 Sound Effects,Pole Position Production,https://sonniss.com/product/citroen-xsara-wrc-2001-sound-effects,True
Citroen Xsara WRC - t6 - ONBRD - MEDIUM - Drive Various - ENGINE - Intake - DPA4062.wav,Citroen Xsara WRC 2001 Sound Effects,Pole Position Production,https://sonniss.com/product/citroen-xsara-wrc-2001-sound-effects,True
Citroen Xsara WRC - t7 - EXT - FAST - Various - MS Decoded - RSM191.wav,Citroen Xsara WRC 2001 Sound Effects,Pole Position Production,https://sonniss.com/product/citroen-xsara-wrc-2001-sound-effects,True
Colt Python 357 Magnum - FIRING - Take 1 - 4m Left - CSS5.wav,Colt Python .357 Magnum,Pole Position Production,https://sonniss.com/product/colt-python-357-magnum,True
Colt Python 357 Magnum - FIRING - Take 3 - 160m Behind - ORTF - CM4.wav,Colt Python .357 Magnum,Pole Position Production,https://sonniss.com/product/colt-python-357-magnum,True
Colt Python 357 Magnum - VAR SFX - Loading Gun - CO100K.wav,Colt Python .357 Magnum,Pole Position Production,https://sonniss.com/product/colt-python-357-magnum,True
Dan Wesson 445 - FIRING - Take 1 - 100m In Front Off Axis - ORTF - MKH8040.wav,Dan Wesson .445 SuperMag,Pole Position Production,https://sonniss.com/product/dan-wesson-445-supermag,True
Dan Wesson 445 - FIRING - Take 2 - 1m Above - MKH8060.wav,Dan Wesson .445 SuperMag,Pole Position Production,https://sonniss.com/product/dan-wesson-445-supermag,True
Dan Wesson 445 - VAR SFX - Cock Uncock Hammer - MS Decoded - MKH418s.wav,Dan Wesson .445 SuperMag,Pole Position Production,https://sonniss.com/product/dan-wesson-445-supermag,True
Desert Eagle - FIRING - Take 1 - 4m Left - CSS5.wav,Desert Eagle .44 - Sound Effects,Pole Position Production,https://sonniss.com/product/desert-eagle-44-sound-effects,True
Desert Eagle - FIRING - Take 2 - 65m Right - H3VR .wav,Desert Eagle .44 - Sound Effects,Pole Position Production,https://sonniss.com/product/desert-eagle-44-sound-effects,True
Desert Eagle - VAR SFX - Magazine In and Out - Take 3 - MKH8060.wav,Desert Eagle .44 - Sound Effects,Pole Position Production,https://sonniss.com/product/desert-eagle-44-sound-effects,True
Interference - Cable - Buzz Hum - Swells to Sputtering Noise.wav,Electric Guitar Pickup Interference,Pole Position Production,https://sonniss.com/product/electric-guitar-pickup-interference,True
Interference - Guitar Pickup - Buzz Hum - Thin - Swells - Hits Thumps.wav,Electric Guitar Pickup Interference,Pole Position Production,https://sonniss.com/product/electric-guitar-pickup-interference,True
Ferrari 458 Straight Pipes - t4 - EXT - GEARSHIFTS - By - ORTF - MKH8040.wav,Ferrari 458 2013,Pole Position Production,https://sonniss.com/product/ferrari-458-2013-2,True
Ferrari 458 Straight Pipes - t5 - ONBRD - RAMPS - Drive Stop Off - EXHAUST - Left - DPA4062.wav,Ferrari 458 2014,Pole Position Production,https://sonniss.com/product/ferrari-458-2013-3,True
Ferrari 458 Straight Pipes - t9 - EXT - MEDIUM - Various - M10.wav,Ferrari 458 2015,Pole Position Production,https://sonniss.com/product/ferrari-458-2013-4,True
Ferrari 458 Straight Pipes - t11 - VAR SFX - Horn Various - Wide AB - MKH8060.wav,Ferrari 458 2016,Pole Position Production,https://sonniss.com/product/ferrari-458-2013-5,True
Fiat RV - t1 - EXT - SLOW - Start Away Up Reverse Stop Away By Up Stop Off - EXTERIOR 1 - Mix.wav,Fiat/Sunlight T 67 2013,Pole Position Production,https://sonniss.com/product/fiat-sunlight-t-67-2013,True
Fiat RV - t6 - ONBRD - STEADY RPMS - Start Drive - INTERIOR - Washroom - D100.wav,Fiat/Sunlight T 67 2014,Pole Position Production,https://sonniss.com/product/fiat-sunlight-t-67-2014,True
Fiat RV - t11 - ONBRD - IDLE - Various - ENGINE - Right - PZM.wav,Fiat/Sunlight T 67 2015,Pole Position Production,https://sonniss.com/product/fiat-sunlight-t-67-2015,True
Fiat RV - t12 - VAR SFX - Ignition Key 1 - MS Decoded - RSM191.wav,Fiat/Sunlight T 67 2016,Pole Position Production,https://sonniss.com/product/fiat-sunlight-t-67-2016,True
Ford Fiesta WRC2 - t3 - EXT - GEARSHIFTS - By Up Stop - Holophone.wav,Ford Fiesta WRC2 2022,Pole Position Production,https://sonniss.com/product/ford-fiesta-wrc2-2022,True
Ford Fiesta WRC2 - t4 - ONBRD - RAMPS - Drive Stop - INTERIOR - Front - Wide AB - DPA4061.wav,Ford Fiesta WRC2 2023,Pole Position Production,https://sonniss.com/product/ford-fiesta-wrc2-2023,True
Ford Fiesta WRC2 - t8 - ONBRD - MEDIUM - Drive Various - EXHAUST - Distant - RE50.wav,Ford Fiesta WRC2 2024,Pole Position Production,https://sonniss.com/product/ford-fiesta-wrc2-2024,True
Ford Fiesta WRC2 - t10 - VAR SFX - Gear Stick Movement - MS Decoded - RSM191.wav,Ford Fiesta WRC2 2025,Pole Position Production,https://sonniss.com/product/ford-fiesta-wrc2-2025,True
Ford Puma WRC - t3 - EXT - FAST - Start Away Up Reverse Stop Away By Up Stop Off - Wide AB - MKH8060.wav,Ford Puma Hybrid Rally1 2022,Pole Position Production,https://sonniss.com/product/ford-puma-hybrid-rally1-2022,True
Ford Puma WRC - t3 - ONBRD - FAST - Start Drive Stop Reverse Stop Drive Launch Control Stop Off - EXHAUST - RE50.wav,Ford Puma Hybrid Rally1 2023,Pole Position Production,https://sonniss.com/product/ford-puma-hybrid-rally1-2023,True
Ford Puma WRC - t6 - ONBRD - RAMPS - EV - Start Drive Stop x3 - ENGINE - Mix.wav,Ford Puma Hybrid Rally1 2024,Pole Position Production,https://sonniss.com/product/ford-puma-hybrid-rally1-2024,True
Ford Puma WRC - t13 - VAR SFX - Driver Door from Outside - MS Decoded - RSM191.wav,Ford Puma Hybrid Rally1 2025,Pole Position Production,https://sonniss.com/product/ford-puma-hybrid-rally1-2025,True
SPAS-12 - FIRING - Pump Action - Take 1 - 20m In Front - AB - MKH8020.wav,Franchi SPAS-12 Combat Shotgun,Pole Position Production,https://sonniss.com/product/franchi-spas-12-combat-shotgun,True
SPAS-12 - FIRING - Semi Automatic - Take 1 - 3m Behind Left - CO100K.wav,Franchi SPAS-12 Combat Shotgun,Pole Position Production,https://sonniss.com/product/franchi-spas-12-combat-shotgun,True
SPAS-12 - VAR SFX - Pump Action Fast - Close - MS - MKH418s.wav,Franchi SPAS-12 Combat Shotgun,Pole Position Production,https://sonniss.com/product/franchi-spas-12-combat-shotgun,True
Hämmerli 280 - FIRING - 4m Right - ORTF - CM4.wav,Hämmerli 280 22LR,Pole Position Production,https://sonniss.com/product/hammerli-280-22lr,True
Hämmerli 280 - FIRING - 170m In Front - DR05.wav,Hämmerli 280 22LR,Pole Position Production,https://sonniss.com/product/hammerli-280-22lr,True
Hämmerli 280 - VAR SFX - Grabs With Gloves - XY - RSM191.wav,Hämmerli 280 22LR,Pole Position Production,https://sonniss.com/product/hammerli-280-22lr,True
Lynx 50 - FIRING - Take 1 - 65m Behind - ORTF - CM3.wav,Lynx 50 Cal Sniper Rifle,Pole Position Production,https://sonniss.com/product/lynx-50-cal-sniper-rifle,True
Lynx 50 - FIRING - Take 2 - 4m Left - CSS5.wav,Lynx 50 Cal Sniper Rifle,Pole Position Production,https://sonniss.com/product/lynx-50-cal-sniper-rifle,True
Lynx 50 - VAR SFX - Shell Ejections - Take 2 - CO100k.wav,Lynx 50 Cal Sniper Rifle,Pole Position Production,https://sonniss.com/product/lynx-50-cal-sniper-rifle,True
McLaren 720S - t3 - EXT - FAST - Start Away Up Reverse Stop Away By Horn Up Stop Off - EXTERIOR 1 - Mix.wav,McLaren 720S Spider SSG 2019,Pole Position Production,https://sonniss.com/product/mclaren-720s-spider-ssg-2019,True
McLaren 720S - t5 - ONBRD - RAMPS - Drive - EXHAUST - Left - BETA58.wav,McLaren 720S Spider SSG 2020,Pole Position Production,https://sonniss.com/product/mclaren-720s-spider-ssg-2020,True
McLaren 720S - t9 - EXT - LAUNCH CONTROL - Away Up Stop Idle Attempt Away By - ORTF - CMC6.wav,McLaren 720S Spider SSG 2021,Pole Position Production,https://sonniss.com/product/mclaren-720s-spider-ssg-2021,True
McLaren 720S - t14 - VAR SFX - Horn Various - ENGINE - DPA4061.wav,McLaren 720S Spider SSG 2022,Pole Position Production,https://sonniss.com/product/mclaren-720s-spider-ssg-2022,True
Morris Oxford - t1 - ONBRD - SLOW - Start Drive Stop Reverse Drive Stop - ENGINE - Center - DPA4061.wav,Morris Oxford 1969 - Car Sound Effects,Pole Position Production,https://sonniss.com/product/morris-oxford-1969-car-sound-effects,True
Morris Oxford - t4 - EXT - GEARSHIFTS - By - CSS5.wav,Morris Oxford 1969 - Car Sound Effects,Pole Position Production,https://sonniss.com/product/morris-oxford-1969-car-sound-effects,True
Morris Oxford - t8 - EXT - MEDIUM - Various - Distant - D100.wav,Morris Oxford 1969 - Car Sound Effects,Pole Position Production,https://sonniss.com/product/morris-oxford-1969-car-sound-effects,True
Morris Oxford - t10 - VAR SFX - Temperature and Fan Dial - INTERIOR - Front Window - DPA4061.wav,Morris Oxford 1969 - Car Sound Effects,Pole Position Production,https://sonniss.com/product/morris-oxford-1969-car-sound-effects,True
Peugeot 205 - t2 - ONBRD - RAMPS - Start Drive Off - ENGINE - Center - MKH8020.wav,Peugeot 205 T 16 GrB Evo 2 P200 1985,Pole Position Production,https://sonniss.com/product/peugeot-205-t-16-grb-evo-2-p200-1985,True
Peugeot 205 - t3 - EXT - STEADY RPMS - By - ORTF - MKH8040.wav,Peugeot 205 T 16 GrB Evo 2 P200 1986,Pole Position Production,https://sonniss.com/product/peugeot-205-t-16-grb-evo-2-p200-1986,True
Peugeot 205 - t6 - ONBRD - MEDIUM - Drive Various - EXHAUST - DPA4062.wav,Peugeot 205 T 16 GrB Evo 2 P200 1987,Pole Position Production,https://sonniss.com/product/peugeot-205-t-16-grb-evo-2-p200-1987,True
Peugeot 208 JWRC - t1 - EXT - GEARSHIFTS - By - EXTERIOR 3 - Mix.wav,Peugeot 208 JWRC 2020,Pole Position Production,https://sonniss.com/product/peugeot-208-jwrc-2020,True
Peugeot 208 JWRC - t5 - EXT - RACE START - By Up Stop - MS Decoded - RSM191.wav,Peugeot 208 JWRC 2021,Pole Position Production,https://sonniss.com/product/peugeot-208-jwrc-2021,True
Peugeot 208 JWRC - t8 - ONBRD - FAST - Drive Various - ENGINE - Intake - DPA4062.wav,Peugeot 208 JWRC 2022,Pole Position Production,https://sonniss.com/product/peugeot-208-jwrc-2022,True
Polaris Sportsman 500 - t2 - EXT - MEDIUM - Start Away Up Reverse Stop Away By Up Stop Off - Distant - D100.wav,Polaris Sportsman 500 XP 2006 - ATV Sound Effects,Pole Position Production,https://sonniss.com/product/polaris-sportsman-500-xp-2006-atv-sound-effects,True
Polaris Sportsman 500 - t5 - EXT - RAMPS - By - ORTF - MKH8040.wav,Polaris Sportsman 500 XP 2006 - ATV Sound Effects,Pole Position Production,https://sonniss.com/product/polaris-sportsman-500-xp-2006-atv-sound-effects,True
Polaris Sportsman 500 - t9 - ONBRD - MEDIUM - Drive Various - ENGINE - Transmission - DPA4062.wav,Polaris Sportsman 500 XP 2006 - ATV Sound Effects,Pole Position Production,https://sonniss.com/product/polaris-sportsman-500-xp-2006-atv-sound-effects,True
Polaris Sportsman 500 - t12 - VAR SFX - Suspension Movement - EXHAUST - DPA4062.wav,Polaris Sportsman 500 XP 2006 - ATV Sound Effects,Pole Position Production,https://sonniss.com/product/polaris-sportsman-500-xp-2006-atv-sound-effects,True
"Porsche, Carrera, GT, t1, Ext, Slow, Up, Stop, Reverse, Away, By, x2, ORTF, MKH8040.wav",Porsche Carrera GT 2005,Pole Position Production,https://sonniss.com/product/porsche-carrera-gt-2005,True
"Porsche, Carrera, GT, t7, Onbrd, Start, Idle, Steady, Blips, Off, Engine, Mix.wav",Porsche Carrera GT 2006,Pole Position Production,https://sonniss.com/product/porsche-carrera-gt-2006,True
"Porsche, Carrera, GT, t9, Onbrd, Fast, Drive, Various, Engine, VP88.wav",Porsche Carrera GT 2007,Pole Position Production,https://sonniss.com/product/porsche-carrera-gt-2007,True
"Porsche, Carrera, GT, t11, Var SFX, Parking Brake, Interior, Left, DPA4061.wav",Porsche Carrera GT 2008,Pole Position Production,https://sonniss.com/product/porsche-carrera-gt-2008,True
Pvpjbv 2062 - t1 - ONBRD - SLOW - Start Drive Stop Reverse Stop Drive Stop Off - TRACKS - Left - PZM.wav,Pvpjbv 2062 1982,Pole Position Production,https://sonniss.com/product/pvpjbv-2062-1982,True
Pvpjbv 2062 - t4 - EXT - GEARSHIFTS - By - EHRM.wav,Pvpjbv 2062 1983,Pole Position Production,https://sonniss.com/product/pvpjbv-2062-1983,True
Pvpjbv 2062 - t9 - ONBRD - FAST - Drive Various - ENGINE - VP88.wav,Pvpjbv 2062 1984,Pole Position Production,https://sonniss.com/product/pvpjbv-2062-1984,True
Pvpjbv 2062 - t12 - VAR SFX - Cannon Reloading - ONBOARD - Trolly - MKH8040.wav,Pvpjbv 2062 1985,Pole Position Production,https://sonniss.com/product/pvpjbv-2062-1985,True
Range Rover SDV8 - t3 - EXT - MEDIUM - Start Away By Horn - MS Decoded - RSM191.wav,Range Rover 4.4 SDV8,Pole Position Production,https://sonniss.com/product/range-rover-4-4-sdv8,True
Range Rover SDV8 - t10 - ONBRD - CIRCLING - Start Drive Stop Off - EXHAUST - Right - RE50.wav,Range Rover 4.4 SDV9,Pole Position Production,https://sonniss.com/product/range-rover-4-4-sdv9,True
Range Rover SDV8 - t12 - ONBRD - FAST - Drive Various - EXHAUST - Left - BETA58.wav,Range Rover 4.4 SDV10,Pole Position Production,https://sonniss.com/product/range-rover-4-4-sdv10,True
Range Rover SDV8 - t14 - VAR SFX - Sunroof Open and Shut - INTERIOR - Front Window - DPA4061.wav,Range Rover 4.4 SDV11,Pole Position Production,https://sonniss.com/product/range-rover-4-4-sdv11,True
Smith & Wesson 60 - FIRING - Take 1 - 100m In Front Off Axis - ORTF - MKH8040.wav,Smith & Wesson .38 Chiefs Special Model 60,Pole Position Production,https://sonniss.com/product/smith-wesson-38-chiefs-special-model-60,True
Smith & Wesson 60 - FIRING - Take 3 - 3m Behind Left - CO100K.wav,Smith & Wesson .38 Chiefs Special Model 61,Pole Position Production,https://sonniss.com/product/smith-wesson-38-chiefs-special-model-61,True
Smith & Wesson 60 - VAR SFX - Open Close Revovler with Shells - XY - RSM191.wav,Smith & Wesson .38 Chiefs Special Model 62,Pole Position Production,https://sonniss.com/product/smith-wesson-38-chiefs-special-model-62,True
Steam Engine Model - Engine - Start Run Press Machine Whistle Off - Flywheel - Right - DPA 4062.wav,Steam Engine Model,Pole Position Production,https://sonniss.com/product/steam-engine-model,True
Steam Engine Model - Engine - Start Run Whistle Off Short 1 - CO-100k - Pitched Down 3 Octaves.wav,Steam Engine Model,Pole Position Production,https://sonniss.com/product/steam-engine-model,True
Steam Engine Model - Engine - Whistle Short - CO-100k - Pitched Down 3 Octaves.wav,Steam Engine Model,Pole Position Production,https://sonniss.com/product/steam-engine-model,True
Crowd - Stockholm - Subway Station - Tunnel - Busy 1 - MS - RSM 191.wav,Subway Station,Pole Position Production,https://sonniss.com/product/subway-station-sound-effects,True
Crowd - Stockholm - Subway Station - Tunnel - Busy with Luggage By - LS5.wav,Subway Station,Pole Position Production,https://sonniss.com/product/subway-station-sound-effects,True
Escalator - Subway Station - Ride POV - Ride 2 Escalators 1 - MS Decoded - RSM 191.wav,Subway Station,Pole Position Production,https://sonniss.com/product/subway-station-sound-effects,True
"Subway - Stockholm - Exterior - Away, Slow - Holophone.wav",Subway Station,Pole Position Production,https://sonniss.com/product/subway-station-sound-effects,True
Airplane - FLY - By - Overhead - Groan - DPA4021.wav,The Aircraft Ambient Library,Pole Position Production,https://sonniss.com/product/the-aircraft-ambient-library,True
Helicopter - Military - FLY - By - Overhead - ORTF - MKH8040.wav,The Aircraft Ambient Library,Pole Position Production,https://sonniss.com/product/the-aircraft-ambient-library,True
Jet - Airliner - Fly - By - Overhead - Distant - Some Leaves and Wind - CMC6.wav,The Aircraft Ambient Library,Pole Position Production,https://sonniss.com/product/the-aircraft-ambient-library,True
P51 Mustang - TAKE OFF - By - DPA4017.wav,The Aircraft Ambient Library,Pole Position Production,https://sonniss.com/product/the-aircraft-ambient-library,True
Chainsaw Large - ONBRD - STEADY RPMS - Start Run Off - EXHAUST - RE50.wav,The Garden Tools Library,Pole Position Production,https://sonniss.com/product/the-garden-tools-library,True
Clearing Saw - EXT - IDLE - Start Various Off x3 - Distant - D100.wav,The Garden Tools Library,Pole Position Production,https://sonniss.com/product/the-garden-tools-library,True
Lawn Mower - EXT - IDLE - Start Run Off - Turn Point 2 - ORTF - MKH 8040.wav,The Garden Tools Library,Pole Position Production,https://sonniss.com/product/the-garden-tools-library,True
Leaf Blower - ONBRD - WORK - Start Run Off - EXHAUST - A - DPA 4062.wav,The Garden Tools Library,Pole Position Production,https://sonniss.com/product/the-garden-tools-library,True
Guitar Pickup - Blade - Single Coil - Bridge - Boltdriver - Short Swells.wav,The Guitaresque Power Tools Library,Pole Position Production,https://sonniss.com/product/the-guitaresque-power-tools-library,True
Guitar Pickup - Ibanez - Humbucker - Neck - Dremel - Constant - Rising Tones 1.wav,The Guitaresque Power Tools Library,Pole Position Production,https://sonniss.com/product/the-guitaresque-power-tools-library,True
Guitar Pickup - Squier P-Bass - Dremel - One Shots.wav,The Guitaresque Power Tools Library,Pole Position Production,https://sonniss.com/product/the-guitaresque-power-tools-library,True
"AK5 7,62mm - FIRING - Large Hall - Long Bursts - 3m Behind Left - MS Decoded - MKH418S.wav",The Indoor Gun Acoustics 2 Library,Pole Position Production,https://sonniss.com/product/the-indoor-gun-acoustics-2-library,True
Glock 17 9mm - FIRING - Small Living Room - Single Shots - 5m In Front - MS - RSM191.wav,The Indoor Gun Acoustics 2 Library,Pole Position Production,https://sonniss.com/product/the-indoor-gun-acoustics-2-library,True
Mossberg 12-Gauge - FIRING - Office Corridor - Single Shots - 20m Adjacent Room - M10.wav,The Indoor Gun Acoustics 2 Library,Pole Position Production,https://sonniss.com/product/the-indoor-gun-acoustics-2-library,True
MP5 9mm - FIRING - Large Hall - Bursts - 1m Side - MKH8060.wav,The Indoor Gun Acoustics 2 Library,Pole Position Production,https://sonniss.com/product/the-indoor-gun-acoustics-2-library,True
Iron - Thick - HIT - Hammer.wav,The Metal Hit Sweeteners Library,Pole Position Production,https://sonniss.com/product/the-metal-hit-sweeteners-library,True
Oil Barrel - HIT - Hammer - Take 2.wav,The Metal Hit Sweeteners Library,Pole Position Production,https://sonniss.com/product/the-metal-hit-sweeteners-library,True
Spade - HIT - Drumstick - Ring - Mute.wav,The Metal Hit Sweeteners Library,Pole Position Production,https://sonniss.com/product/the-metal-hit-sweeteners-library,True
Toolbox - DROP.wav,The Metal Hit Sweeteners Library,Pole Position Production,https://sonniss.com/product/the-metal-hit-sweeteners-library,True
Bubble Wrap - UNFOLD - Hard - Stereo.wav,The Plastic Textures Library,Pole Position Production,https://sonniss.com/product/the-plastic-textures-library,True
Flexible Pipe - BLOW - Long - Low Intensity - Mono - 100k.wav,The Plastic Textures Library,Pole Position Production,https://sonniss.com/product/the-plastic-textures-library,True
Flexible Sewer Pipe Big - Broken - DROP - Thump - Mono.wav,The Plastic Textures Library,Pole Position Production,https://sonniss.com/product/the-plastic-textures-library,True
Plastic Bag Thick - TWIST - Burst - Low Intensity - Mono.wav,The Plastic Textures Library,Pole Position Production,https://sonniss.com/product/the-plastic-textures-library,True
DeHavilland DHC6 - EXT - TAKE OFF - By 4 - ORTF - MKH8040.wav,The Skydiving and Parachute Library,Pole Position Production,https://sonniss.com/product/the-skydiving-and-parachute-library,True
Parachutist - EXT - PARACHUTE DEPLOY - Distant 3 - RSM191.wav,The Skydiving and Parachute Library,Pole Position Production,https://sonniss.com/product/the-skydiving-and-parachute-library,True
Skydiver - ONBRD - FLYING - Exit Plane Jump and Flying 2 - Chest - MKH8020.wav,The Skydiving and Parachute Library,Pole Position Production,https://sonniss.com/product/the-skydiving-and-parachute-library,True
Skydiver - ONBRD - INTERIOR PLANE - Flying with Door Open - Chest - MKH8020.wav,The Skydiving and Parachute Library,Pole Position Production,https://sonniss.com/product/the-skydiving-and-parachute-library,True
Aluminium Boat Hull - ACCELERATION - Engine On - CO100k.wav,The Stormbåt Hull Interaction Library,Pole Position Production,https://sonniss.com/product/the-stormbat-hull-interaction-library,True
Aluminium Boat Hull - ROCKING - High Intensity - MKH8060.wav,The Stormbåt Hull Interaction Library,Pole Position Production,https://sonniss.com/product/the-stormbat-hull-interaction-library,True
Aluminium Boat Hull - WAVE IMPACTS - Medium - DPA4061.wav,The Stormbåt Hull Interaction Library,Pole Position Production,https://sonniss.com/product/the-stormbat-hull-interaction-library,True
Metal - RATTLE - Shudder Constant - Geofon.wav,The Stormbåt Hull Interaction Library,Pole Position Production,https://sonniss.com/product/the-stormbat-hull-interaction-library,True
Black Hawk - VAR SFX - Stabilizer Manual Slew Switch - MKH418S.wav,The Vehicle Doors and More Library,Pole Position Production,https://sonniss.com/product/the-vehicle-doors-and-more-library,True
Man Lions Coach - VAR SFX - Horn Various - Mono - RSM191.wav,The Vehicle Doors and More Library,Pole Position Production,https://sonniss.com/product/the-vehicle-doors-and-more-library,True
Mercedes AMG GTR - VAR SFX - Hand Movement on Steering Wheel - XY - RSM191.wav,The Vehicle Doors and More Library,Pole Position Production,https://sonniss.com/product/the-vehicle-doors-and-more-library,True
Pontiac Trans Am 84 - VAR SFX - Window - MS Decoded RSM191.wav,The Vehicle Doors and More Library,Pole Position Production,https://sonniss.com/product/the-vehicle-doors-and-more-library,True
MAN Lions Coach - IMPULSE RESPONSE - Toilet - Altiverb 2 - INTERIOR - MS Decoded - RSM191.wav,The Vehicle Impulse Response Library,Pole Position Production,https://sonniss.com/product/the-vehicle-impulse-response-library,True
Patria 6x6 - IMPULSE RESPONSE - Passenger Compartment - Altiverb 3 - INTERIOR - Middle - MKH8020.wav,The Vehicle Impulse Response Library,Pole Position Production,https://sonniss.com/product/the-vehicle-impulse-response-library,True
Pontiac Firebird - IMPULSE RESPONSE - Altiverb - INTERIOR - DPA4021.wav,The Vehicle Impulse Response Library,Pole Position Production,https://sonniss.com/product/the-vehicle-impulse-response-library,True
Ak 5 - FIRING - Hit Metal Armor Plate - Single Shots 2 - HANDHELD NEAR SHOOTER - MS - 418-S.wav,The Warfare 2 Library,Pole Position Production,https://sonniss.com/product/the-warfare-2-library,True
Haubits FH77 Howitzer - FIRING - Multiple Shots 2 - FRONT - MKH8060.wav,The Warfare 2 Library,Pole Position Production,https://sonniss.com/product/the-warfare-2-library,True
RPG - FIRING AND IMPACT - Through Car Roof Hit Metal - XY - MKH8040.wav,The Warfare 2 Library,Pole Position Production,https://sonniss.com/product/the-warfare-2-library,True
Tank Mine - EXPLOSION - Mounted on Metal Beam - DISTANT - AMBEO BLD.wav,The Warfare 2 Library,Pole Position Production,https://sonniss.com/product/the-warfare-2-library,True
Wind - Aspen - Gusts - Close - Inside Canopy - XY - MKH8060.wav,Wind In Trees,Pole Position Production,https://sonniss.com/product/wind-in-trees,True
Wind - Cherry Tree - Strong - Bed - On Ground - ORTF - CMC6.wav,Wind In Trees,Pole Position Production,https://sonniss.com/product/wind-in-trees,True
Wind - Oak - Calm - Close - Inside Canopy - XY - MKH8060.wav,Wind In Trees,Pole Position Production,https://sonniss.com/product/wind-in-trees,True
Stream - LIGHT - Medium Speed - Flow - Left-Heavy Trickles.wav,Winter Forest Stream,Pole Position Production,https://sonniss.com/product/winter-forest-stream,True
Stream - STRONG - Medium Speed - Flow - Gush - Thick Surge with Tonal Burbling.wav,Winter Forest Stream,Pole Position Production,https://sonniss.com/product/winter-forest-stream,True
WHSH_Airy-Whoosh Wind Gust 11_RSCPC_DW.wav,Distinct Whooshes,Rescopic Sound,https://sonniss.com/product/distinct-whooshes,True
WHSH_Deviant-Whoosh Flabby Slow 09_RSCPC_DW.wav,Distinct Whooshes,Rescopic Sound,https://sonniss.com/product/distinct-whooshes,True
WHSH_Pure SciFi-Whoosh Fast 03_RSCPC_DW.wav,Distinct Whooshes,Rescopic Sound,https://sonniss.com/product/distinct-whooshes,True
WHSH_Watery-Whoosh FIzzy Fast 03_RSCPC_DW.wav,Distinct Whooshes,Rescopic Sound,https://sonniss.com/product/distinct-whooshes,True
DSGNSrce_Synth Source Loop 12_RSCPC_HV.wav,High Voltage,Rescopic Sound,https://sonniss.com/product/high-voltage-sound-library,True
ELECEmf_Electrical Panel Pitchdown 12st_RSCPC_HV.wav,High Voltage,Rescopic Sound,https://sonniss.com/product/high-voltage-sound-library,True
ELECEmf_WiFi Router Pitchdown 36st_RSCPC_HV.wav,High Voltage,Rescopic Sound,https://sonniss.com/product/high-voltage-sound-library,True
UIData_UI Calculation Loop 05_RSCPC_HV.wav,High Voltage,Rescopic Sound,https://sonniss.com/product/high-voltage-sound-library,True
AMBMisc_Ambience Low 03_RSCPC_PX.wav,Parallax,Rescopic Sound,https://sonniss.com/product/parallax,True
SCIMisc_Movement 03_RSCPC_PX.wav,Parallax,Rescopic Sound,https://sonniss.com/product/parallax,True
SCIMisc_Ping 18_RSCPC_PX.wav,Parallax,Rescopic Sound,https://sonniss.com/product/parallax,True
SCIMisc_Zap Short 14_RSCPC_PX.wav,Parallax,Rescopic Sound,https://sonniss.com/product/parallax,True
SCIMech_Mech Processed Metal 27_RSCPC_SFEW.wav,Sci-Fi Energy Weapons,Rescopic Sound,https://sonniss.com/product/sci-fi-energy-weapons,True
SCIWeap_Flyby Plasma J 01_RSCPC_SFEW.wav,Sci-Fi Energy Weapons,Rescopic Sound,https://sonniss.com/product/sci-fi-energy-weapons,True
SCIWeap_Reload Compact O 01_RSCPC_SFEW.wav,Sci-Fi Energy Weapons,Rescopic Sound,https://sonniss.com/product/sci-fi-energy-weapons,True
SCIWeap_Shot Pulse YR 05_RSCPC_SFEW.wav,Sci-Fi Energy Weapons,Rescopic Sound,https://sonniss.com/product/sci-fi-energy-weapons,True
UIAlert_Confirm Middle 12_RSCPC_USIN.wav,User Interaction,Rescopic Sound,https://sonniss.com/product/user-interaction,True
UIClick_Select Middle 29_RSCPC_USIN.wav,User Interaction,Rescopic Sound,https://sonniss.com/product/user-interaction,True
UIData_Progress 19_RSCPC_USIN.wav,User Interaction,Rescopic Sound,https://sonniss.com/product/user-interaction,True
UIMvmt_Window Open Thin 05_RSCPC_USIN.wav,User Interaction,Rescopic Sound,https://sonniss.com/product/user-interaction,True
DSGNMisc_Charge Down Classic 1_RogueWaves_AnimeStudio.wav,Anime Studio,Rogue Waves,https://sonniss.com/product/anime-studio,True
FGHTImpt_Fight Combo x4_RogueWaves_AnimeStudio.wav,Anime Studio,Rogue Waves,https://sonniss.com/product/anime-studio,True
WEAPSwrd_Mecha Energy Sword Cut_RogueWaves_AnimeStudio.wav,Anime Studio,Rogue Waves,https://sonniss.com/product/anime-studio,True
WHSH_Whoosh Synth Noise 28_RogueWaves_AnimeStudio.wav,Anime Studio,Rogue Waves,https://sonniss.com/product/anime-studio,True
"DOORCreak_Wooden Door, Door Slams, Impacts, 3_RogueWaves_CreakingDoor.wav",Creaking Door,Rogue Waves,https://sonniss.com/product/creaking-door,True
"DOORCreak_Wooden Door, Opening and Closing 09_RogueWaves_CreakingDoor.wav",Creaking Door,Rogue Waves,https://sonniss.com/product/creaking-door,True
OBJCont_Coffee Tin Lid Open 3_RogueWaves_KawaiiUI.wav,Kawaii UI,Rogue Waves,https://sonniss.com/product/kawaii-ui,True
TOONPop_Syringe Pop 4_RogueWaves_KawaiiUI.wav,Kawaii UI,Rogue Waves,https://sonniss.com/product/kawaii-ui,True
UIClick_Hand Pop UI Diminished 1_RogueWaves_KawaiiUI.wav,Kawaii UI,Rogue Waves,https://sonniss.com/product/kawaii-ui,True
UIClick_Operating System UI Cursor_RogueWaves_KawaiiUI.wav,Kawaii UI,Rogue Waves,https://sonniss.com/product/kawaii-ui,True
"MUSCStngr_Open String Dive Bomb Down, Whammy bar, Low_RogueWaves_MetalTensions_13.wav",Metal Tensions,Rogue Waves,https://sonniss.com/product/metal-tensions,True
"MUSCStngr_Pick Scrape Down, Short, Overdriven_RogueWaves_MetalTensions.wav",Metal Tensions,Rogue Waves,https://sonniss.com/product/metal-tensions,True
"MUSCStngr_Plastic Comb Scraping Strings, 2, Overdriven_RogueWaves_MetalTensions.wav",Metal Tensions,Rogue Waves,https://sonniss.com/product/metal-tensions,True
"MUSCStngr_Whammy Bar Flutter, Clean_RogueWaves_MetalTensions.wav",Metal Tensions,Rogue Waves,https://sonniss.com/product/metal-tensions,True
"AMBNaut_Atmos, EXT Marina, boats, rope creaking,_RogueWaves_YachtMarina_11.wav",Yacht & Marina,Rogue Waves,https://sonniss.com/product/yacht-marina,True
"BOATInt_Atmos, INT Small yacht cabin, hatch open,_RogueWaves_YachtMarina.wav",Yacht & Marina,Rogue Waves,https://sonniss.com/product/yacht-marina,True
"BOATMech_EXT Small yacht, rope moving through metal_RogueWaves_YachtMarina.wav",Yacht & Marina,Rogue Waves,https://sonniss.com/product/yacht-marina,True
"METLTonl_Contact Mic, Cable Rope Stays, Percussive_RogueWaves_YachtMarina_02.wav",Yacht & Marina,Rogue Waves,https://sonniss.com/product/yacht-marina,True
AMBRest_Rome_Indoor-PubCrowd-InteriorCrowd.wav,Rome - Urban City Surround,Sculptunes,https://sonniss.com/product/rome-urban-city-surround,True
AMBUrbn_Rome-LateNight-Traffic.wav,Rome - Urban City Surround,Sculptunes,https://sonniss.com/product/rome-urban-city-surround,True
SBAb_5 Meters From Shore Early Morning 005.wav,Ambisonics - Beach,Sonic Bat,https://sonniss.com/product/ambisonics-beach,True
SBAb_In Water Crowded Afternoon 004.wav,Ambisonics - Beach,Sonic Bat,https://sonniss.com/product/ambisonics-beach,True
SBAb_Palm Trees Detail 004.wav,Ambisonics - Beach,Sonic Bat,https://sonniss.com/product/ambisonics-beach,True
SBAr3_First Floor Balcony Open Window 001.wav,Ambisonics - Roomtones III,Sonic Bat,https://sonniss.com/product/ambisonics-roomtones-iii,True
SBAr3_First Floor Living Room With Balcony Door Closed 001.wav,Ambisonics - Roomtones III,Sonic Bat,https://sonniss.com/product/ambisonics-roomtones-iii,True
SBacm_Mechanism 003.wav,Antique Clock Mechanism,Sonic Bat,https://sonniss.com/product/antique-clock-mechanism,True
SBacm_Mechanism Handling 008.wav,Antique Clock Mechanism,Sonic Bat,https://sonniss.com/product/antique-clock-mechanism,True
SBbma_Feminine League Match 010.wav,Basketball Match Ambience,Sonic Bat,https://sonniss.com/product/basketball-match-ambience,True
SBbma_Masculine U-18 Match 004.wav,Basketball Match Ambience,Sonic Bat,https://sonniss.com/product/basketball-match-ambience,True
SBfma_Feminine League Match 004.wav,Futsal Match Ambience,Sonic Bat,https://sonniss.com/product/futsal-match-ambience,True
SBfma_Masculine League Match 001.wav,Futsal Match Ambience,Sonic Bat,https://sonniss.com/product/futsal-match-ambience,True
SBhma_Feminine EHF European Cup Match 002.wav,Handball Match Ambience,Sonic Bat,https://sonniss.com/product/handball-match-ambience,True
SBhma_Masculine League Match 002.wav,Handball Match Ambience,Sonic Bat,https://sonniss.com/product/handball-match-ambience,True
SBrhma_Feminine League Match 004.wav,Roller Hockey Match Ambience,Sonic Bat,https://sonniss.com/product/roller-hockey-match-ambience,True
SBrhma_Masculine League Match 007.wav,Roller Hockey Match Ambience,Sonic Bat,https://sonniss.com/product/roller-hockey-match-ambience,True
SBvfe2_Dry Tree Branches Contact 024.wav,Videogame Foley Essentials Vol. II,Sonic Bat,https://sonniss.com/product/videogame-foley-essentials-vol-ii,True
SBvfe2_Glass 114.wav,Videogame Foley Essentials Vol. II,Sonic Bat,https://sonniss.com/product/videogame-foley-essentials-vol-ii,True
SBvfe2_Medium Rock Dropping 011.wav,Videogame Foley Essentials Vol. II,Sonic Bat,https://sonniss.com/product/videogame-foley-essentials-vol-ii,True
SBvfe2_Shaking Small Wooden Box 030.wav,Videogame Foley Essentials Vol. II,Sonic Bat,https://sonniss.com/product/videogame-foley-essentials-vol-ii,True
"AMBBird_Ambience, Rural, Residencial, Birds Chorus, Cuckoo, Light Human Activity_KS_Spatial Counstryside-Surround_KSL_KS011.wav",Spatial Countryside,Sonik Sound Library,https://sonniss.com/product/spatial-countryside,True
"AMBRurl_Ambience, Countryside, Quite Fields, Slow Cicadas, 3 Close, Fly_KS_Spatial Counstryside-AmbiX_KSL_KS011.wav",Spatial Countryside,Sonik Sound Library,https://sonniss.com/product/spatial-countryside,True
"WIND_Wind, Soft Wind Howling, Soft Leaves Rustle on Concrete_KS_Spatial Counstryside-Stereo_KSL_KS011.wav",Spatial Countryside,Sonik Sound Library,https://sonniss.com/product/spatial-countryside,True
"RAIN_Weather, Rain, Heavy with Distant Thunders_KS_Spatial Rain & Thunders-AmbiX_KSL_KS010.wav",Spatial Rain & Thunders,Sonik Sound Library,https://sonniss.com/product/spatial-rain-thunders,True
"RAINMetl_Rain, Water Gurgling and Spraying in Gutter during Rainstorm, Distant Thunder Rumble_KS_Spatial Rain & Thunders-Surround_KSL_KS010.wav",Spatial Rain & Thunders,Sonik Sound Library,https://sonniss.com/product/spatial-rain-thunders,True
"THUN_Weather, Rain, Light Rain with Thuder Rumbles and Vehicles Passing on Wet Floor_KS_Spatial Rain & Thunders-Stereo_KSL_KS010.wav",Spatial Rain & Thunders,Sonik Sound Library,https://sonniss.com/product/spatial-rain-thunders,True
Calm_River_02.wav,"Rivers, Streams, Creeks",Stefano Cremona,https://sonniss.com/product/rivers-streams-creeks,True
River_02.wav,"Rivers, Streams, Creeks",Stefano Cremona,https://sonniss.com/product/rivers-streams-creeks,True
Small_Creek_Close_02.wav,"Rivers, Streams, Creeks",Stefano Cremona,https://sonniss.com/product/rivers-streams-creeks,True
AMBForst_Nighttime-Woodlands Windy Trees Rustling Quiet_SYSO_SYSO009.wav,General Ambience Series - Nightscapes 01,Systematic Sound,https://sonniss.com/product/general-ambience-series-nightscapes-01,True
AMBSubn_Nighttime-Suburban Residential Area Main Street Lively 01_SYSO_SYSO009.wav,General Ambience Series - Nightscapes 02,Systematic Sound,https://sonniss.com/product/general-ambience-series-nightscapes-02,True
AMBUrbn_Nighttime-Urban Side Street Empty Rain Dops Hum_SYSO_SYSO009.wav,General Ambience Series - Nightscapes 03,Systematic Sound,https://sonniss.com/product/general-ambience-series-nightscapes-03,True
AMBRoom_Quiet Room Flat C Livingroom 02_SYSO_SYSO0013.wav,General Ambience Series - Quiet Rooms 01,Systematic Sound,https://sonniss.com/product/general-ambience-series-quiet-rooms-01,True
AMBRoom_Quiet Room Flat E Kitchen Dishwasher Machine Engine Running Water Dull_SYSO_SYSO0013.wav,General Ambience Series - Quiet Rooms 02,Systematic Sound,https://sonniss.com/product/general-ambience-series-quiet-rooms-02,True
AMBRoom_Quiet Room House A Basement Boilerroom_SYSO_SYSO0013.wav,General Ambience Series - Quiet Rooms 03,Systematic Sound,https://sonniss.com/product/general-ambience-series-quiet-rooms-03,True
AMBFarm_Ranch Horse Pasture Snorting Chewing Trotting_SYSO_SYSO011.wav,General Ambience Series - Rural Countryside 01,Systematic Sound,https://sonniss.com/product/general-ambience-series-rural-countryside-01,True
AMBRurl_Field Wheat Dry Sizzle Insects Wind Soft_SYSO_SYSO011.wav,General Ambience Series - Rural Countryside 02,Systematic Sound,https://sonniss.com/product/general-ambience-series-rural-countryside-02,True
AMBRurl_Meadow Open Plane Windy Deep Rumble_SYSO_SYSO011-1.wav,General Ambience Series - Rural Countryside 03,Systematic Sound,https://sonniss.com/product/general-ambience-series-rural-countryside-03,True
Cabinet_Metal_Rumble_Rattle_Shake_Vibrate_Debris_Dpa4060_Seismic_Activities_21.Wav,Seismic Activities,The Soundcatcher,https://sonniss.com/product/seismic-activities,True
Kitchen_Cupboard_Impact_Rattle_Vibrate_Rumble_Mkh8040Seismic_Activities_2.Wav,Seismic Activities,The Soundcatcher,https://sonniss.com/product/seismic-activities,True
Metal_Rails_Pack_Rumble_Rattle_Shake_Vibrate_Debris_Mkh8040_Seismic_Activities_03.Wav,Seismic Activities,The Soundcatcher,https://sonniss.com/product/seismic-activities,True
Staircase_Metal_Rumble_Rattling_Vibrate_Debris_D100_Seismic_Activities_03.Wav,Seismic Activities,The Soundcatcher,https://sonniss.com/product/seismic-activities,True
MOD011.wav,Modern Office Ambiences,TheWorkRoom Audio Post,https://sonniss.com/product/modern-office-ambiences,True
MOD019.wav,Modern Office Ambiences,TheWorkRoom Audio Post,https://sonniss.com/product/modern-office-ambiences,True
MUS004.wav,Music Spill,TheWorkRoom Audio Post,https://sonniss.com/product/music-spill,True
MUS026.wav,Music Spill,TheWorkRoom Audio Post,https://sonniss.com/product/music-spill,True
MUS050.wav,Music Spill,TheWorkRoom Audio Post,https://sonniss.com/product/music-spill,True
NEO008.wav,Neoprene - Dry - Wetsuit Sound Library,TheWorkRoom Audio Post,https://sonniss.com/product/neoprene-dry-wetsuit-sound-library,True
NEO028.wav,Neoprene - Dry - Wetsuit Sound Library,TheWorkRoom Audio Post,https://sonniss.com/product/neoprene-dry-wetsuit-sound-library,True
NEOW003.wav,Neoprene - Wet- Wetsuit Sound Library,TheWorkRoom Audio Post,https://sonniss.com/product/neoprene-wet-wetsuit-sound-library,True
NEOW030.wav,Neoprene - Wet- Wetsuit Sound Library,TheWorkRoom Audio Post,https://sonniss.com/product/neoprene-wet-wetsuit-sound-library,True
SAPST01.wav,South African Ambiences - Protests,TheWorkRoom Audio Post,https://sonniss.com/product/south-african-ambiences-protests,True
"GAMEBoard_Chess, Contact, King Takes_UberDuo_Game.wav",Game Night Audio Props,UberDuo,https://sonniss.com/product/game-night-audio-props,True
"GAMEBoard_Dice, Contact, Die, Roll, On Table_UberDuo_Game.wav",Game Night Audio Props,UberDuo,https://sonniss.com/product/game-night-audio-props,True
"GAMEBoard_Kid's Board Game, Shotgun, Pawns_UberDuo_Game_05.wav",Game Night Audio Props,UberDuo,https://sonniss.com/product/game-night-audio-props,True
"GAMEBoard_Scrabble, Shotgun, Tiles, Drop_UberDuo_Game.wav",Game Night Audio Props,UberDuo,https://sonniss.com/product/game-night-audio-props,True
"ANMLHors_Horse, Quarter Horse, Mare, Snort_Uberduo_HORS_Mono-002.wav",Horsin’ Around – Character Play Set,UberDuo,https://sonniss.com/product/horsin-around-character-play-set,True
"ANMLHors_Horse, Quarter Horse, Mare, Snort_Uberduo_HORS_Stereo-001.wav",Horsin’ Around – Character Play Set,UberDuo,https://sonniss.com/product/horsin-around-character-play-set,True
"ANMLHors_Horse, Quarter Horse, Mare, Trot_Uberduo_HORS_Stereo-001.wav",Horsin’ Around – Character Play Set,UberDuo,https://sonniss.com/product/horsin-around-character-play-set,True
"HMNBrth_Human, Adult, Male, Breath, Surprise, Gasp_UberDuo_INHL_17.wav",Inhale – Owen – Character Playset,UberDuo,https://sonniss.com/product/inhale-owen-character-playset,True
"HMNBrth_Human, Adult, Male, Breathe, Mouth, Slow,_UberDuo_INHL.wav",Inhale – Owen – Character Playset,UberDuo,https://sonniss.com/product/inhale-owen-character-playset,True
"HMNBrth_Human, Adult, Male, Exhale, Mouth, Dying_UberDuo_INHL_09.wav",Inhale – Owen – Character Playset,UberDuo,https://sonniss.com/product/inhale-owen-character-playset,True
"HMNBrth_Human, Adult, Male, Smoking 3_UberDuo_INHL.wav",Inhale – Owen – Character Playset,UberDuo,https://sonniss.com/product/inhale-owen-character-playset,True
"HMNBrth_Human, Adult, Female, Breathe, Growing Panic_UberDuo_INHL.wav",Inhale – Tanja – Character Playset,UberDuo,https://sonniss.com/product/inhale-tanja-character-playset,True
"HMNBrth_Human, Adult, Female, Panting, Nose, Loop_UberDuo_INHL.wav",Inhale – Tanja – Character Playset,UberDuo,https://sonniss.com/product/inhale-tanja-character-playset,True
"HMNBrth_Human, Adult, Female, Sniff, Nose 7_UberDuo_INHL.wav",Inhale – Tanja – Character Playset,UberDuo,https://sonniss.com/product/inhale-tanja-character-playset,True
"HMNBrth_Human, Adult, Female, Yawn 3_UberDuo_INHL.wav",Inhale – Tanja – Character Playset,UberDuo,https://sonniss.com/product/inhale-tanja-character-playset,True
"AMBUrbn_City, Buffalo, Residential, Traffic, General_UberDuo_HOOD.wav",The ‘Hood Audio Playset,UberDuo,https://sonniss.com/product/the-hood-audio-playset,True
"AMBUrbn_City, Buffalo, Residential, Traffic, Police_UberDuo_HOOD_04.wav",The ‘Hood Audio Playset,UberDuo,https://sonniss.com/product/the-hood-audio-playset,True
"AMBUrbn_City, Buffalo, Residential, Traffic, Roll_UberDuo_HOOD.wav",The ‘Hood Audio Playset,UberDuo,https://sonniss.com/product/the-hood-audio-playset,True
"MOTRElec_Razor, Electric, Norelco, On, Run And Off_UberDuo_BATH.wav",The Bathroom Audio Playset,UberDuo,https://sonniss.com/product/the-bathroom-audio-playset,True
"OBJCont_Hair Care, Curl Cream, Dispenser, Pump_UberDuo_BATH.wav",The Bathroom Audio Playset,UberDuo,https://sonniss.com/product/the-bathroom-audio-playset,True
"WATRDran_Bath, Tub, Drain_UberDuo_BATH.wav",The Bathroom Audio Playset,UberDuo,https://sonniss.com/product/the-bathroom-audio-playset,True
"WATRPlmb_Sink, Bathroom, Water, Run, Rinse Toothbrush_UberDuo_BATH.wav",The Bathroom Audio Playset,UberDuo,https://sonniss.com/product/the-bathroom-audio-playset,True
"FOODKware_Kitchen, Sink, Cup, Wash, Glass Brush_UberDuo_SINK.wav",The Kitchen Sink Audio Playset,UberDuo,https://sonniss.com/product/the-kitchen-sink-audio-playset,True
"FOODKware_Kitchen, Sink, Glass, Rinse_UberDuo_SINK.wav",The Kitchen Sink Audio Playset,UberDuo,https://sonniss.com/product/the-kitchen-sink-audio-playset,True
"FOODKware_Kitchen, Sink, Plates Stack In Drainer_UberDuo_SINK.wav",The Kitchen Sink Audio Playset,UberDuo,https://sonniss.com/product/the-kitchen-sink-audio-playset,True
"BEEPAppl_Microwave, Beeps_UberDuo_TOWN.wav",The Mountain Townhouse Audio Playset,UberDuo,https://sonniss.com/product/the-mountain-townhouse-audio-playset,True
"MACHFan_Bathroom Fan, On And Run_UberDuo_TOWN.wav",The Mountain Townhouse Audio Playset,UberDuo,https://sonniss.com/product/the-mountain-townhouse-audio-playset,True
"WATRPlmb_Toilet, Flush Cycle_UberDuo_TOWN.wav",The Mountain Townhouse Audio Playset,UberDuo,https://sonniss.com/product/the-mountain-townhouse-audio-playset,True
"Desk, Move, Scrape, Fast.wav",The School Audio Playset,UberDuo,https://sonniss.com/product/the-school-audio-playset,True
"Door, heavy, classroom, open.wav",The School Audio Playset,UberDuo,https://sonniss.com/product/the-school-audio-playset,True
"School, Cafeteria, Ambience.wav",The School Audio Playset,UberDuo,https://sonniss.com/product/the-school-audio-playset,True
"Whiteboard, marker, write, cursive.wav",The School Audio Playset,UberDuo,https://sonniss.com/product/the-school-audio-playset,True
"AMBMrkt_Checkout, Supermarket, Light Conversation_UberDuo_MRKT.wav",The Supermarket Audio Play Set,UberDuo,https://sonniss.com/product/the-supermarket-audio-play-set,True
"AMBMrkt_Crowd, Supermarket, Aisle, Grocery, Shopping_UberDuo_MRKT_01.wav",The Supermarket Audio Play Set,UberDuo,https://sonniss.com/product/the-supermarket-audio-play-set,True
"DOORMetl_Woodstove, Door, Iron, Close_UberDuo_WOOD.wav",The Wood Stove Audio Prop Set,UberDuo,https://sonniss.com/product/the-wood-stove-audio-prop-set,True
FIREMisc_Fire Crackling In A Woodstove_UberDuo_WOOD.wav,The Wood Stove Audio Prop Set,UberDuo,https://sonniss.com/product/the-wood-stove-audio-prop-set,True
"OBJHsehld_Woodstove Tools, Whisk Broom And Dust Pan_UberDuo_WOOD.wav",The Wood Stove Audio Prop Set,UberDuo,https://sonniss.com/product/the-wood-stove-audio-prop-set,True
"TOOLHand_Bar Clamp, Screw, Tighten_UberDuo_TOOL.wav",The Workshop Audio Playset,UberDuo,https://sonniss.com/product/the-workshop-audio-playset,True
TOOLHand_Staple Gun_UberDuo_TOOL.wav,The Workshop Audio Playset,UberDuo,https://sonniss.com/product/the-workshop-audio-playset,True
"TOOLPowr_Drill Press, On, Run, Wabbly Bit_UberDuo_TOOL.wav",The Workshop Audio Playset,UberDuo,https://sonniss.com/product/the-workshop-audio-playset,True
"TOOLPowr_Variable Speed Muti Tool, On, Run, Engrave_UberDuo_TOOL_01.wav",The Workshop Audio Playset,UberDuo,https://sonniss.com/product/the-workshop-audio-playset,True
Droid-Transformation-07.wav,Battle Droid,Unreal SFX,https://sonniss.com/product/battle-droid,True
Droid-UI_10.wav,Battle Droid,Unreal SFX,https://sonniss.com/product/battle-droid,True
Droid-Vehicles_12.wav,Battle Droid,Unreal SFX,https://sonniss.com/product/battle-droid,True
Droid-Weapons_10.wav,Battle Droid,Unreal SFX,https://sonniss.com/product/battle-droid,True
UBL_Lo-Tech_70_one_shot_key_Amin.wav,Lo-Tech: Premium Degraded Tape FX,Used Bin Loops,https://sonniss.com/product/lo-tech-premium-degraded-tape-fx,True
UBL_Lo-Tech_90_one_shot_atmosphere_C#maj.wav,Lo-Tech: Premium Degraded Tape FX,Used Bin Loops,https://sonniss.com/product/lo-tech-premium-degraded-tape-fx,True
UBL_Lo-Tech_110_one_shot_pad_Dmin.wav,Lo-Tech: Premium Degraded Tape FX,Used Bin Loops,https://sonniss.com/product/lo-tech-premium-degraded-tape-fx,True
VEHRace-EXT_Rally Car-Braking Cornering Accelerating 05_WM_RALLYLEGEND.wav,Rally Legend,Wavemotion,https://sonniss.com/product/rally-legend,True
VEHRace-EXT_Rally Car-Race Start 03_WM_RALLYLEGEND.wav,Rally Legend,Wavemotion,https://sonniss.com/product/rally-legend,True
VEHRace-EXT_Rally Car-Straight Pass By 04_WM_RALLYLEGEND.wav,Rally Legend,Wavemotion,https://sonniss.com/product/rally-legend,True
VEHRace-EXT_Rally Car-Straight Uphill Pass By 14_WM_RALLYLEGEND.wav,Rally Legend,Wavemotion,https://sonniss.com/product/rally-legend,True
AMBAlpn-EXT_Ski Lift Station Ambience_02_WM_SKIRIDE.wav,Ski Ride,Wavemotion,https://sonniss.com/product/ski-ride,True
EQUIPSprt-EXT_Ski Gloves 03_WM_SKIRIDE.wav,Ski Ride,Wavemotion,https://sonniss.com/product/ski-ride,True
SPRTWntr-EXT_Skier Pass By Right To Left 03_WM_SKIRIDE.wav,Ski Ride,Wavemotion,https://sonniss.com/product/ski-ride,True
SPRTWntr-EXT_Skiing On Soft Snow 01_WM_SKIRIDE.wav,Ski Ride,Wavemotion,https://sonniss.com/product/ski-ride,True
